-- MySQL dump 10.13  Distrib 8.0.36, for Win64 (x86_64)
--
-- Host: localhost    Database: mediaflix
-- ------------------------------------------------------
-- Server version	8.0.36

/*!40101 SET @OLD_CHARACTER_SET_CLIENT=@@CHARACTER_SET_CLIENT */;
/*!40101 SET @OLD_CHARACTER_SET_RESULTS=@@CHARACTER_SET_RESULTS */;
/*!40101 SET @OLD_COLLATION_CONNECTION=@@COLLATION_CONNECTION */;
/*!50503 SET NAMES utf8 */;
/*!40103 SET @OLD_TIME_ZONE=@@TIME_ZONE */;
/*!40103 SET TIME_ZONE='+00:00' */;
/*!40014 SET @OLD_UNIQUE_CHECKS=@@UNIQUE_CHECKS, UNIQUE_CHECKS=0 */;
/*!40014 SET @OLD_FOREIGN_KEY_CHECKS=@@FOREIGN_KEY_CHECKS, FOREIGN_KEY_CHECKS=0 */;
/*!40101 SET @OLD_SQL_MODE=@@SQL_MODE, SQL_MODE='NO_AUTO_VALUE_ON_ZERO' */;
/*!40111 SET @OLD_SQL_NOTES=@@SQL_NOTES, SQL_NOTES=0 */;

--
-- Table structure for table `book`
--

DROP TABLE IF EXISTS `book`;
/*!40101 SET @saved_cs_client     = @@character_set_client */;
/*!50503 SET character_set_client = utf8mb4 */;
CREATE TABLE `book` (
  `author` varchar(255) NOT NULL,
  `isbn` bigint NOT NULL,
  `page_number` int DEFAULT NULL,
  `publisher` varchar(255) DEFAULT NULL,
  `product_id` bigint NOT NULL,
  PRIMARY KEY (`product_id`),
  CONSTRAINT `FKka98u01ogtkot3g9ibmt3qfr4` FOREIGN KEY (`product_id`) REFERENCES `product` (`product_id`)
) ENGINE=InnoDB DEFAULT CHARSET=utf8mb4 COLLATE=utf8mb4_0900_ai_ci;
/*!40101 SET character_set_client = @saved_cs_client */;

--
-- Dumping data for table `book`
--

LOCK TABLES `book` WRITE;
/*!40000 ALTER TABLE `book` DISABLE KEYS */;
INSERT INTO `book` VALUES ('James Dashner',9788493801311,524,'Nocturna',1),('James Dashner',9788493920005,496,'Nocturna',2),('James Dashner',9788493975036,449,'Nocturna',3),('Alexandra Bracken',9788427203518,544,'Molino',4),('Brandon Sanderson',9788417347291,688,'Nova',5),('Brandon Sanderson',9788466658904,784,'Nova',6),('Brandon Sanderson',9788418037818,560,'Nova',7),('Stephen King',9788466357302,1504,'DEBOLSILLO',8),('Stephen King',9788466357333,488,'DEBOLSILLO',9),('Frank Herbert',9788466363402,784,'DEBOLSILLO',10),('Frank Herbert',9788466372015,304,'DEBOLSILLO',11),('Rebecca Yarros',9788408279990,736,'Planeta',12),('Rebecca Yarros',9788408284550,896,'Planeta',13),('Sarah J. Maas',9788408285298,456,'Crossbooks',14),('Michael McDowell',9788419654892,272,'Blackie Books',15),('Michael McDowell',9788419654915,272,'Blackie Books',16),('Michael McDowell',9788419654939,272,'Blackie Books',17),('Michael McDowell',9788419654953,272,'Blackie Books',18),('Juan Gomez Jurado',9788466664417,568,'B',19),('Joe HillJoe Hill',9788418440878,408,'NOCTURNA',20),('Chugong',9788467945850,320,'NORMA',21),('Hayime Isayama',9788467964141,562,'NORMA ',22),('Robert C. Martin',9780132350884,464,'Pearson',23),('Herbert Schildt',9788441539938,704,'ANAYA MULTIMEDIA',24),('Suzanne Collins',9788413144856,400,'B',25),('Suzanne Collins',9788413144863,408,'B',26),('Suzanne Collins',9788413144870,424,'B',27),('Suzanne Collins',9788413144887,592,'B',28),('J. R. R. Tolkien',9788445013953,576,'Booket',29),('J. R. R. Tolkien',9788445013960,480,'Booket',30),('J. R. R. Tolkien',9788445013977,608,'Booket',31),('J. R. R. Tolkien',9788445013946,288,'Booket',32),('Dan Brown',9788408176022,624,'Planeta',33),('Dan Brown',9788408099970,592,'Planeta',34);
/*!40000 ALTER TABLE `book` ENABLE KEYS */;
UNLOCK TABLES;

--
-- Table structure for table `client`
--

DROP TABLE IF EXISTS `client`;
/*!40101 SET @saved_cs_client     = @@character_set_client */;
/*!50503 SET character_set_client = utf8mb4 */;
CREATE TABLE `client` (
  `client_id` bigint NOT NULL AUTO_INCREMENT,
  `available` bit(1) NOT NULL,
  `creation_date` date NOT NULL,
  `email` varchar(255) NOT NULL,
  `first_name` varchar(255) NOT NULL,
  `last_name` varchar(255) DEFAULT NULL,
  PRIMARY KEY (`client_id`)
) ENGINE=InnoDB AUTO_INCREMENT=2 DEFAULT CHARSET=utf8mb4 COLLATE=utf8mb4_0900_ai_ci;
/*!40101 SET character_set_client = @saved_cs_client */;

--
-- Dumping data for table `client`
--

LOCK TABLES `client` WRITE;
/*!40000 ALTER TABLE `client` DISABLE KEYS */;
INSERT INTO `client` VALUES (1,_binary '','2024-04-11','contacto.mediaflix@gmail.com','Cliente de Caja','');
/*!40000 ALTER TABLE `client` ENABLE KEYS */;
UNLOCK TABLES;

--
-- Table structure for table `employee`
--

DROP TABLE IF EXISTS `employee`;
/*!40101 SET @saved_cs_client     = @@character_set_client */;
/*!50503 SET character_set_client = utf8mb4 */;
CREATE TABLE `employee` (
  `employee_id` bigint NOT NULL AUTO_INCREMENT,
  `available` bit(1) NOT NULL,
  `email` varchar(255) NOT NULL,
  `first_name` varchar(255) NOT NULL,
  `hiring_date` date NOT NULL,
  `last_name` varchar(255) NOT NULL,
  `nif` varchar(255) NOT NULL,
  `password` varchar(255) NOT NULL,
  `salary` decimal(38,2) NOT NULL,
  PRIMARY KEY (`employee_id`)
) ENGINE=InnoDB DEFAULT CHARSET=utf8mb4 COLLATE=utf8mb4_0900_ai_ci;
/*!40101 SET character_set_client = @saved_cs_client */;

--
-- Dumping data for table `employee`
--

LOCK TABLES `employee` WRITE;
/*!40000 ALTER TABLE `employee` DISABLE KEYS */;
/*!40000 ALTER TABLE `employee` ENABLE KEYS */;
UNLOCK TABLES;

--
-- Table structure for table `game`
--

DROP TABLE IF EXISTS `game`;
/*!40101 SET @saved_cs_client     = @@character_set_client */;
/*!50503 SET character_set_client = utf8mb4 */;
CREATE TABLE `game` (
  `developer` varchar(255) NOT NULL,
  `duration` int DEFAULT NULL,
  `platform` varchar(255) DEFAULT NULL,
  `url_trailer` varchar(255) DEFAULT NULL,
  `product_id` bigint NOT NULL,
  PRIMARY KEY (`product_id`),
  CONSTRAINT `FKt8dc4r00vrftr6py5qis3aeiw` FOREIGN KEY (`product_id`) REFERENCES `product` (`product_id`)
) ENGINE=InnoDB DEFAULT CHARSET=utf8mb4 COLLATE=utf8mb4_0900_ai_ci;
/*!40101 SET character_set_client = @saved_cs_client */;

--
-- Dumping data for table `game`
--

LOCK TABLES `game` WRITE;
/*!40000 ALTER TABLE `game` DISABLE KEYS */;
INSERT INTO `game` VALUES ('Avalanche Software',27,'Playstation','https://www.youtube.com/watch?v=S6GTl_vPRvU&t=16s',35),('Electronic Arts',20,'Playstation','https://www.youtube.com/watch?v=9ulsvAx-E2I',36),('FromSoftware Inc.',59,'Playstation','https://www.youtube.com/watch?v=E3Huy2cdih0&t=11s',37),('Team Ninja',35,'Playstation','https://www.youtube.com/watch?v=xWaWTMQsHGc',38),('Bandai Namco',4,'Playstation','https://www.youtube.com/watch?v=603dCoqtoeE&t=17s',39),('KONAMI',20,'Playstation','https://www.youtube.com/watch?v=7qkGfDDpK6c&t=15s',40),('Naughty Dog',14,'Playstation','https://www.youtube.com/watch?v=Mel8DZBEJTo&t=17s',41),('Naughty Dog',26,'Playstation','https://www.youtube.com/watch?v=JdE9U9WW_HM',42),('Santa Monica Studio',20,'Playstation','https://www.youtube.com/watch?v=dK42JGgkoF8&t=11s',43),('Santa Monica Studio',26,'Playstation','https://www.youtube.com/watch?v=jb0LtQBNqhY&t=12s',44),('Codemasters',7,'Playstation','https://www.youtube.com/watch?v=wHNgoRCWqTg&t=18s',45),('CAPCOM',16,'Playstation','https://www.youtube.com/watch?v=O75Ip4o1bs8&t=13s',46),('Arrowhead Game Studios',30,'Playstation','https://www.youtube.com/watch?v=-Lc2sLpWD3E&t=16s',47),('CD PROJEKT RED',51,'Playstation','https://www.youtube.com/watch?v=c0i88t0Kacs&t=16s',48),('EA Canada & EA Romania',87,'Playstation','https://www.youtube.com/watch?v=zMyeAFzCTM0&t=4s',49),('Nintendo EPD',9,'Nintendo Switch','https://www.youtube.com/watch?v=0-QkU0EXt8U&t=1s',50),('Nintendo EPD',6,'Nintendo Switch','https://www.youtube.com/watch?v=tKlRN2YpxRE&t=18s',51),('Nintendo',104,'Nintendo Switch','https://www.youtube.com/watch?v=5YPxiTLMcdg&t=8s',52),('Nintendo',7,'Nintendo Switch','https://www.youtube.com/watch?v=TjC5wETyIsE',53),('Bandai Namco',24,'Nintendo Switch','https://www.youtube.com/watch?v=WShCN-AYHqA&t=21s',54),('Nintendo EPD',59,'Nintendo Switch','https://www.youtube.com/watch?v=gp9aY09li1s&t=10s',55),('Nintendo EPD',50,'Nintendo Switch','https://www.youtube.com/watch?v=ofH5ptn5w-A&t=10s',56),('Game Freak',32,'Nintendo Switch','https://www.youtube.com/watch?v=XJGMgtTViAw',57),('Game Freak',32,'Nintendo Switch','https://www.youtube.com/watch?v=XJGMgtTViAw',58),('Ubisoft',10,'Nintendo Switch','https://www.youtube.com/watch?v=_IQuDbycE3k&t=3s',59),('Nintendo',17,'Nintendo Switch','https://www.youtube.com/watch?v=HxlAJKI9jfQ&t=39s',60),('Level-5',18,'Nintendo Switch','https://www.youtube.com/watch?v=REmyK_BflVw',61),('Massive Monster',14,'Nintendo Switch','https://www.youtube.com/watch?v=ctX3jVORkkk&t=11s',62),('Ubisoft',8,'Nintendo Switch','https://www.youtube.com/watch?v=NniXc724TtU',63),('Ghost Town Games',7,'Nintendo Switch','https://www.youtube.com/watch?v=lcVISRmANIo&t=13s',64),('ConcernedApe',53,'Nintendo Switch','https://www.youtube.com/watch?v=ot7uXNQskhs&t=10s',65),('CD PROJEKT RED',48,'PC','https://www.youtube.com/watch?v=Ugb80d5lxEM',66),('Electronic Arts',10,'PC','https://www.youtube.com/watch?v=uZfLyIC9vuQ&t=12s',67),('Arkane Studios',16,'PC','https://www.youtube.com/watch?v=mc2hz3LJhTY&t=42s',68),('Big Bad Wolf',15,'PC','https://www.youtube.com/watch?v=fJwNrKkXdhA&t=9s',69),('Motive',12,'PC','https://www.youtube.com/watch?v=mWrBqrifdvk&t=11s',70),('HEXWORKS',31,'Xbox','https://www.youtube.com/watch?v=oceLRiqQsko&t=17s',71),('BlueTwelve Studio',5,'Xbox','https://www.youtube.com/watch?v=u84hRUQlaio&t=12s',72),('Avalanche Software',27,'Xbox','https://www.youtube.com/watch?v=S6GTl_vPRvU&t=16s',73),('Electronic Arts',20,'Xbox','https://www.youtube.com/watch?v=9ulsvAx-E2I',74),('FromSoftware Inc.',59,'Xbox','https://www.youtube.com/watch?v=E3Huy2cdih0&t=11s',75),('Bethesda Game Studios',23,'Xbox','https://www.youtube.com/watch?v=pYqyVpCV-3c&t=11s',76),('Team17',16,'Xbox','https://www.youtube.com/watch?v=czEWhp6BrJI&t=11s',77),('Arc System Works',12,'Xbox','https://www.youtube.com/watch?v=vO-piQec368&t=17s',78),('Arc System Works',12,'Playstation','https://www.youtube.com/watch?v=vO-piQec368&t=17s',79),('Question',12,'Playstation','https://www.youtube.com/watch?v=XijeJLAYLBE',80),('DON\'T NOD',21,'Playstation','https://www.youtube.com/watch?v=IaB0MyubRg0&t=14s',81),('DON\'T NOD',21,'Xbox','https://www.youtube.com/watch?v=IaB0MyubRg0&t=14s',82),('ATLUS',62,'Playstation','https://www.youtube.com/watch?v=QIIPXA2A6cM',83);
/*!40000 ALTER TABLE `game` ENABLE KEYS */;
UNLOCK TABLES;

--
-- Table structure for table `movie`
--

DROP TABLE IF EXISTS `movie`;
/*!40101 SET @saved_cs_client     = @@character_set_client */;
/*!50503 SET character_set_client = utf8mb4 */;
CREATE TABLE `movie` (
  `director` varchar(255) NOT NULL,
  `duration` int DEFAULT NULL,
  `studio` varchar(255) DEFAULT NULL,
  `url_trailer` varchar(255) DEFAULT NULL,
  `product_id` bigint NOT NULL,
  PRIMARY KEY (`product_id`),
  CONSTRAINT `FK50l10odqe7jn03a2y2osaxxbi` FOREIGN KEY (`product_id`) REFERENCES `product` (`product_id`)
) ENGINE=InnoDB DEFAULT CHARSET=utf8mb4 COLLATE=utf8mb4_0900_ai_ci;
/*!40101 SET character_set_client = @saved_cs_client */;

--
-- Dumping data for table `movie`
--

LOCK TABLES `movie` WRITE;
/*!40000 ALTER TABLE `movie` DISABLE KEYS */;
INSERT INTO `movie` VALUES ('Frank Darabont',142,'Castle Rock Entertainment','https://www.youtube.com/watch?v=4u87tmlj4oE&pp=ygUYY2FkZW5hIHBlcnBldHVhIHRyYWlsZXIg',84),('Christopher Nolan',152,'Warner Bros','https://www.youtube.com/watch?v=e0qwi-4iOpE&pp=ygUcRWwgY2FiYWxsZXJvIG9zY3VybyB0cmFpbGVyIA%3D%3D',85),('Peter Jackson',228,'New Line Cinema','https://www.youtube.com/watch?v=3GJp6p_mgPo&pp=ygU6RWwgU2XDsW9yIGRlIGxvcyBBbmlsbG9zOiBsYSBDb211bmlkYWQgZGVsIEFuaWxsbyB0cmFpbGVyIA%3D%3D',86),('Christopher Nolan',148,'Warner Bros. Pictures','https://www.youtube.com/watch?v=YoHD9XEInc0&pp=ygUSaW5jZXB0aW9uIHRyYWlsZXIg',87),('David Fincher',127,'New Line Cinema','https://www.youtube.com/watch?v=znmZoVkCjpI',88),('Bong Joon Ho',132,'Barunson E&A Corp','https://www.youtube.com/watch?v=5xH0HfJHsaY&pp=ygUTUGFyw6FzaXRvcyB0cmFpbGVyIA%3D%3D',89),('Makoto Shinkai',106,'CoMix Wave Films','https://www.youtube.com/watch?v=xU47nhruN-Q&pp=ygUTWW91ciBOYW1lLiB0cmFpbGVyIA%3D%3D',90),('Pete Docter',96,'Walt Disney Pictures, Walt Disney Studios Motion Pictures','https://www.youtube.com/watch?v=ZE_V0g9q4g0&pp=ygULdXAgdHJhaWxlciA%3D',91),('Sam Mendes',119,'Universal Pictures','https://www.youtube.com/watch?v=YqNYrYUiMfg&pp=ygUNMTkxNyB0cmFpbGVyIA%3D%3D',92),('Martin Scorsese',180,'Paramount Pictures','https://www.youtube.com/watch?v=iszwuX1AK6A&pp=ygUeZWwgbG9ibyBkZSB3YWxsIHN0cmVldCB0cmFpbGVy',93),('Martin Scorsese',138,'Paramount Pictures, DreamWorks Pictures','https://www.youtube.com/watch?v=5iaYLCiq5RM&pp=ygUWU2h1dHRlciBJc2xhbmQgdHJhaWxlcg%3D%3D',94),('Hayao Miyazaki',86,'Studio Ghibli','https://www.youtube.com/watch?v=92a7Hj0ijLs&pp=ygUYTWkgdmVjaW5vIFRvdG9ybyB0cmFpbGVy',95),('James Wan',103,'Lions Gate Films','https://www.youtube.com/watch?v=t3PzUo4P21c&pp=ygULc2F3IHRyYWlsZXI%3D',96),('Andy Muschietti',135,'Warner Bros. Pictures','https://www.youtube.com/watch?v=FnCdOQsX5kc',97),('Frank Darabont',125,'The Weinstein Company','https://www.youtube.com/watch?v=LhCKXJNGzN8&pp=ygURbGEgbmllYmxhIHRyYWlsZXI%3D',98),('James Wan',102,'FilmDistrict','https://www.youtube.com/watch?v=zuZnRUcoWos',99),('Nick Cassavetes',124,'New Line Cinema','https://www.youtube.com/watch?v=BjJcYdEOI0k&pp=ygUYZWwgZGlhcmlvIGRlIG5vYSB0cmFpbGVy',100),('Richard Curtis',123,'Universal Studios','https://www.youtube.com/watch?v=5DQAZtFHLEA&pp=ygUfVW5hIGN1ZXN0acOzbiBkZSB0aWVtcG8gdHJhaWxlcg%3D%3D',101),('Thea Sharrock',110,'Warner Bros. Pictures','https://www.youtube.com/watch?v=57vE58O4log&pp=ygUTQW50ZXMgZGUgdGkgdHJhaWxlcg%3D%3D',102),('Rawson Marshall Thurber',110,'Warner Bros. Pictures','https://www.youtube.com/watch?v=0Vsy5KzsieQ&pp=ygUYU29tb3MgbG9zIE1pbGxlciB0cmFpbGVy',103),('Hayao Miyazaki',119,'Tōhō, Studio Ghibli','https://www.youtube.com/watch?v=iwROgK94zcM&pp=ygUdRWwgY2FzdGlsbG8gYW1idWxhbnRlIHRyYWlsZXI%3D',104),('James Cameron',162,'20th Century Fox','https://www.youtube.com/watch?v=5PSNL1qE6VY&pp=ygUOQXZhdGFyIHRyYWlsZXI%3D',105),('Bill Condon',129,'Walt Disney Studios Motion Pictures','https://www.youtube.com/watch?v=XpMjfUJ1lUc&pp=ygUcTGEgYmVsbGEgeSBsYSBiZXN0aWEgdHJhaWxlcg%3D%3D',106),('Guillermo del Toro',119,'Warner Bros. Pictures, Picturehouse','https://www.youtube.com/watch?v=AcHasH-nLhU&pp=ygUeRWwgbGFiZXJpbnRvIGRlbCBmYXVubyB0cmFpbGVy',107),('Kenneth Branagh',116,'20th Century Fox','https://www.youtube.com/watch?v=Mq4m3yAoW8E&pp=ygUmQXNlc2luYXRvIGVuIGVsIE9yaWVudCBFeHByZXNzIHRyYWlsZXI%3D',108),('David Fincher',157,'Warner Bros. Pictures','https://www.youtube.com/watch?v=yNncHPl1UXg&pp=ygUOWm9kaWFjIHRyYWlsZXI%3D',109),('Marcus Nispel',105,'Paramount Pictures','https://www.youtube.com/watch?v=cCfO1aB8CIE&pp=ygURVmllcm5lcyAxM3RyYWlsZXI%3D',110),('Neil Burger',139,'Summit Entertainment, Lionsgate','https://www.youtube.com/watch?v=_MHJPwThKNQ',111),('Wes Ball',131,'20th Century Fox','https://www.youtube.com/watch?v=RxNV8uAacjU&pp=ygUhRWwgY29ycmVkb3IgZGVsIGxhYmVyaW50byB0cmFpbGVy',112),('Guy Ritchie',128,'Warner Bros. Pictures','https://www.youtube.com/watch?v=J7nJksXDBWc&pp=ygUXU2hlcmxvY2sgSG9sbWVzIHRyYWlsZXI%3D',113),('Christopher Nolan',106,'Warner Bros. Pictures','https://www.youtube.com/watch?v=XNupATI9P0Q&pp=ygURRHVua2VycXVlIHRyYWlsZXI%3D',114),('David Ayer',134,'Columbia Pictures','https://www.youtube.com/watch?v=yftjMJVN4dE&pp=ygUaQ29yYXpvbmVzIGRlIGFjZXJvIHRyYWlsZXI%3D',115),('Alex Garland',108,'Universal Studios','https://www.youtube.com/watch?v=sNExF5WYMaA&pp=ygUSRXggTWFjaGluYSB0cmFpbGVy',116),('Christopher Nolan',169,'Warner Bros. Pictures','https://www.youtube.com/watch?v=zSWdZVtXT7E&pp=ygUUSW50ZXJzdGVsbGFyIHRyYWlsZXI%3D',117),('Andrew Niccol',109,'20th Century Fox','https://www.youtube.com/watch?v=xhYUaR5QiUs&pp=ygUPSW4gVGltZSB0cmFpbGVy',118),('Joss Whedon',143,'Walt Disney Studios Motion Pictures, Paramount Pictures','https://www.youtube.com/watch?v=HQIiYqOVTWo&pp=ygUWbG9zIHZlbmdhZG9yZXMgdHJhaWxlcg%3D%3D',119);
/*!40000 ALTER TABLE `movie` ENABLE KEYS */;
UNLOCK TABLES;

--
-- Table structure for table `order_details`
--

DROP TABLE IF EXISTS `order_details`;
/*!40101 SET @saved_cs_client     = @@character_set_client */;
/*!50503 SET character_set_client = utf8mb4 */;
CREATE TABLE `order_details` (
  `id` int NOT NULL AUTO_INCREMENT,
  `quantity` int NOT NULL,
  `unit_price` double NOT NULL,
  `order_id` bigint DEFAULT NULL,
  `product_id` bigint DEFAULT NULL,
  PRIMARY KEY (`id`),
  KEY `FKjyu2qbqt8gnvno9oe9j2s2ldk` (`order_id`),
  KEY `FKinivj2k1370kw224lavkm3rqm` (`product_id`),
  CONSTRAINT `FKinivj2k1370kw224lavkm3rqm` FOREIGN KEY (`product_id`) REFERENCES `product` (`product_id`),
  CONSTRAINT `FKjyu2qbqt8gnvno9oe9j2s2ldk` FOREIGN KEY (`order_id`) REFERENCES `orders` (`order_id`)
) ENGINE=InnoDB DEFAULT CHARSET=utf8mb4 COLLATE=utf8mb4_0900_ai_ci;
/*!40101 SET character_set_client = @saved_cs_client */;

--
-- Dumping data for table `order_details`
--

LOCK TABLES `order_details` WRITE;
/*!40000 ALTER TABLE `order_details` DISABLE KEYS */;
/*!40000 ALTER TABLE `order_details` ENABLE KEYS */;
UNLOCK TABLES;

--
-- Table structure for table `orders`
--

DROP TABLE IF EXISTS `orders`;
/*!40101 SET @saved_cs_client     = @@character_set_client */;
/*!50503 SET character_set_client = utf8mb4 */;
CREATE TABLE `orders` (
  `order_id` bigint NOT NULL AUTO_INCREMENT,
  `creation_date` datetime(6) NOT NULL,
  `payment_method` varchar(255) NOT NULL,
  `status` enum('PENDING','COMPLETED','CANCELED') DEFAULT NULL,
  `total` double NOT NULL,
  `client_id` bigint NOT NULL,
  PRIMARY KEY (`order_id`),
  KEY `FK17yo6gry2nuwg2erwhbaxqbs9` (`client_id`),
  CONSTRAINT `FK17yo6gry2nuwg2erwhbaxqbs9` FOREIGN KEY (`client_id`) REFERENCES `client` (`client_id`)
) ENGINE=InnoDB DEFAULT CHARSET=utf8mb4 COLLATE=utf8mb4_0900_ai_ci;
/*!40101 SET character_set_client = @saved_cs_client */;

--
-- Dumping data for table `orders`
--

LOCK TABLES `orders` WRITE;
/*!40000 ALTER TABLE `orders` DISABLE KEYS */;
/*!40000 ALTER TABLE `orders` ENABLE KEYS */;
UNLOCK TABLES;

--
-- Table structure for table `product`
--

DROP TABLE IF EXISTS `product`;
/*!40101 SET @saved_cs_client     = @@character_set_client */;
/*!50503 SET character_set_client = utf8mb4 */;
CREATE TABLE `product` (
  `product_id` bigint NOT NULL AUTO_INCREMENT,
  `available` tinyint NOT NULL,
  `description` varchar(10000) DEFAULT NULL,
  `genre` varchar(255) DEFAULT NULL,
  `language` varchar(255) DEFAULT NULL,
  `price` double NOT NULL,
  `product_type` enum('BOOK','MOVIE','GAME') NOT NULL,
  `rating` double DEFAULT NULL,
  `release_date` date NOT NULL,
  `stock` int NOT NULL,
  `title` varchar(255) NOT NULL,
  `url` varchar(255) NOT NULL,
  PRIMARY KEY (`product_id`)
) ENGINE=InnoDB AUTO_INCREMENT=120 DEFAULT CHARSET=utf8mb4 COLLATE=utf8mb4_0900_ai_ci;
/*!40101 SET character_set_client = @saved_cs_client */;

--
-- Dumping data for table `product`
--

LOCK TABLES `product` WRITE;
/*!40000 ALTER TABLE `product` DISABLE KEYS */;
INSERT INTO `product` VALUES (1,1,'Bienvenido al bosque. Verás que una vez a la semana, siempre el mismo día y a la misma hora, nos llegan víveres. Una vez al mes, siempre el mismo día y a la misma hora, aparece un nuevo chico, como tú. Siempre un chico. Como ves, este lugar está cercado por muros de piedra… Has de saber que estos muros se abren por la mañana y se cierran por la noche, siempre a la hora exacta. Al otro lado se encuentra el laberinto. De noche, las puertas se cierran… y, si quieres sobrevivir, no debes estar allí para entonces','Ciencia Ficcion','Español',9.95,'BOOK',4.05,'2015-04-30',2,'El corredor del laberinto','https://res.cloudinary.com/dulpvbj0d/image/upload/v1713015976/mediaflix/kiw3uef75plpdqvo2maa.jpg'),(2,1,'Resolver el laberinto se suponía que era el final. No más pruebas, no más huidas. Thomas creía que salir significaba que todos recobrarían sus vidas, pero ninguno sabía a qué clase de vida estaban volviendo. Árida y carbonizada, gran parte de la tierra es un territorio inservible. El sol abrasa, los gobiernos han caído y una misteriosa enfermedad se ha ido apoderando poco a poco de la gente. Sus causas son desconocidas; su resultado, la locura. En un lugar infestado de miseria y ruina, y por donde la gente ha enloquecido y deambula en busca de víctimas, Thomas conoce a una chica, Brenda, que asegura haber contraído la enfermedad y estar a punto de sucumbir a sus efectos. Entretanto, Teresa ha desaparecido, la organización CRUEL les ha dejado un mensaje, un misterioso chico ha llegado y alguien ha tatuado unas palabras en los cuellos de los clarianos. La de Minho dice «el líder»; la de Thomas, «el que debe ser asesinado»','Ciencia Ficcion','Español',18.95,'BOOK',3.9,'2011-09-08',5,'Las pruebas','https://res.cloudinary.com/dulpvbj0d/image/upload/v1713016082/mediaflix/d4enyqilpb5lsox6t5jz.jpg'),(3,1,'«MÁTAME. SI ALGUNA VEZ HAS SIDO MI AMIGO, MÁTAME». Desde hace tres semanas, Thomas vive en una habitación sin ventanas, de un blanco resplandeciente y siempre iluminada. Sin reloj y sin contacto con nadie, más allá de las tres bandejas de comida que alguien le lleva a diario (aunque a horas distintas, como para desorientarle).','Ciencia Ficcion','Español',19.95,'BOOK',3.78,'2013-11-14',5,'La cura mortal','https://res.cloudinary.com/dulpvbj0d/image/upload/v1713016122/mediaflix/x8pzycawtb3ub02oe3fh.jpg'),(4,1,'Cuando Ruby despierta en su décimo cumpleaños, algo en ella ha cambiado. Algo lo suficientemente alarmante como para que sus padres la encierren en el garaje y llamen inmediatamente a la policía buscando ayuda. Ha sucedido. Un fenómeno inexplicable le ha arrancado de la vida que siempre ha conocido, y la ha repudiado a Thurmond, el escalofriante campo de rehabilitación del gobierno donde se destinan a los supervivientes. Ruby no ha sucumbido a la misteriosa enfermedad que ha aniquilado a la mayoría de niños de Estados Unidos, pero ella y los demás prisioneros se han convertido en algo mucho peor: porque han desarrollado poderosas habilidades mentales que no pueden controlar.','Ciencia Ficcion','Español',18.95,'BOOK',4.16,'2011-09-08',6,'Mentes poderosas','https://res.cloudinary.com/dulpvbj0d/image/upload/f_auto,q_auto/v1/mediaflix/hswvrdeeeuftxpenmnsy'),(5,1,'Durante mil años han caído las cenizas y nada florece. Durante mil años los skaa han sido esclavizados y viven sumidos en un miedo inevitable. Durante mil años el Lord Legislador reina con un poder absoluto gracias al terror, a sus poderes e inmortalidad. Le ayudan «obligadores» e «inquisidores», junto a la poderosa magia de la «alomancia». Pero los nobles, con frecuencia, han tenido trato sexual con jóvenes skaa y, aunque la ley lo prohíbe, algunos de sus bastardos han sobrevivido y heredado los poderes alománticos: son los «nacidos de la bruma» (mistborns). Ahora, Kelsier, el «superviviente», el único que ha logrado huir de los Pozos de Hathsin, ha encontrado a Vin, una pobre chica skaa con mucha suerte... Tal vez los dos unidos a la rebelión que los skaa intentan desde hace mil años puedan cambiar el mundo y la atroz dominación del Lord Legislador.','Fantasia','Español',19.85,'BOOK',4.48,'2018-04-19',12,'Imperio Final','https://res.cloudinary.com/dulpvbj0d/image/upload/f_auto,q_auto/v1/mediaflix/c9voxgfwywsmtfodbbrn'),(6,1,'Durante los ultimos mil años, han caido las cenizas y nada florece. Durante mil años, los skaa han sido esclavizados y han vivido sumidos en un miedo inevitable. Durante mil años, el Lord Legislador ha reinado con un poder absoluto gracias al terror y a su divina invencibilidad por la poderosa magia de la alomancia. Pero vencer y matar al Lord Legislador fue la parte sencilla. El verdadero desafio lo constituira sobrevivir a las consecuencias de su caida. Tomar el poder tal vez resulto facil, pero ¿que ocurre despues?, ¿como se usa el poder? Una amena reflexion sobre la estrategia politica y religiosa en el marco de una aventura epica con luchas estilo kung fu gracias a los siempre misteriosos poderes de la alomancia...','Fantasía','Español',19.95,'BOOK',4.59,'2016-09-21',9,'El pozo de la ascensión','https://res.cloudinary.com/dulpvbj0d/image/upload/f_auto,q_auto/v1/mediaflix/lv9zncljegzo5eb9eogz'),(7,1,'En su isla natal sobre un océano verde esmeralda, la única vida que Trenza conoce es sencilla, marcada por el placer de coleccionar las tazas que traen los marineros de tierras lejanas y escuchar las historias que le cuenta su amigo Charlie. Pero cuando el padre de Charlie se lo lleva en barco para buscarle esposa y sucede una catástrofe, Trenza deberá colarse como polizona en un barco y partir en busca de la hechicera que habita en el mortífero mar de Medianoche. Sobre unos océanos de esporas repletos de piratas, ¿podrá Trenza abandonar su tranquila vida y crearse un lugar en un océano donde una sola gota puede significar la muerte instantánea?','Fantasía','Español',25.55,'BOOK',4.44,'2011-09-08',6,'Trenza del mar Esmeralda: Una novela del Cosmere','https://res.cloudinary.com/dulpvbj0d/image/upload/f_auto,q_auto/v1/mediaflix/qrhs59lwq1tg4qtagyzo'),(8,1,'¿Quien o que mutila y mata a los niños de un pequeño pueblo norteamericano? ¿Por que llega cíclicamente el horror a Derry en forma de un payaso  siniestro que va sembrando la destrucción a su paso?','Terror','Español',14.2,'BOOK',4.24,'2021-10-07',5,'IT','https://res.cloudinary.com/dulpvbj0d/image/upload/f_auto,q_auto/v1/mediaflix/lkaqc1cziqlkjqkjgsgo'),(9,1,'Louis lo había comprobado: el gato estaba muerto, y por eso lo había  enterrado. Aun así, incomprensiblemente, el gato había vuelto a casa. Church estaba allí otra vez, como Louis Creed temía y deseaba. Porque su  hijita Ellie le había encomendado que cuidara del gato, y Church había  muerto atropellado. Louis lo había comprobado: el gato estaba muerto,  incluso lo había enterrado más allá del cementerio de animales. Sin  embargo, Chruch había regresado, y sus ojos eran más crueles y perversos  que antes. Pero volvía a estar allí y Ellie no lo lamentaría. Louis Creed sí lo lamentaría. Porque más allá del cementerio de  animales, más allá de la valla de troncos que nadie se atrevía a  traspasar, más allá de los cuarenta y cinco escalones, el maligno poder  del antiguo cementerio indio le reclamaba con macabra avidez...','Terror','Español',11.35,'BOOK',4.06,'2021-10-07',2,'Cementerio de animales','https://res.cloudinary.com/dulpvbj0d/image/upload/f_auto,q_auto/v1/mediaflix/cjxasftn9mtniavwjimh'),(10,1,'En el desertico planeta Arrakis, el agua es el bien más preciado y llorar a los muertos, el símbolo de máxima prodigalidad. Pero algo hace de Arrakis una pieza estrategica para los intereses del Emperador, las Grandes Casas y la Cofradía, los tres grandes poderes de la galaxia. Arrakis es el único origen conocido de la melange, preciosa especia y uno de los bienes más codiciados del universo. Al duque Leto Atreides se le asigna el gobierno de este mundo inhóspito, habitado por los indómitos Fremen y monstruosos gusanos de arena de centenares de metros de longitud. Sin embargo, cuando la familia es traicionada, su hijo y heredero, Paul, emprenderá un viaje hacia un destino más grande del que jamás hubiese podido soñar.','Ciencia Ficcion','Español',19.9,'BOOK',4.27,'2023-11-16',13,'Dune','https://res.cloudinary.com/dulpvbj0d/image/upload/f_auto,q_auto/v1/mediaflix/c6ql7isydxylrvuvqgud'),(11,1,'El mesías de Dune es la segunda entrega de la excepcional saga de Frank Herbert «Dune», considerada la mejor serie de ciencia ficción de todos los tiempos. Arrakis, también llamado Dune: un mundo desierto en pos del sueño de convertirse en un paraíso, cuna de mil guerras que se han extendido por todo el universo y de un anhelo mesiánico que intenta alcanzar el sueño más antiguo de la humanidad... Paul Atreides: un personaje mítico, perturbado por la cercana presencia de una sombra dominante: su hermana Alia. Y frente a ellos, los grandes intereses económicos, políticos y religiosos que sacuden los espacios interestelares: la CHOAM, la Cofradía espacial, el Landsraad, la Bene Gesserit... Todo ello, y mucho más, conforma esta segunda entrega de «Dune»: un fresco impresionante y una obra cumbre de la imaginación.','Ciencia Ficcion','Español',19.9,'BOOK',3.89,'2024-03-19',6,'El mesías de Dune','https://res.cloudinary.com/dulpvbj0d/image/upload/f_auto,q_auto/v1/mediaflix/omgbxwy4fdxujuzqwyig'),(12,0,'Violet Sorrengail creía que se uniría al Cuadrante de los Escribas para vivir una vida tranquila, sin embargo, por órdenes de su madre, debe unirse a los miles de candidatos que, en el Colegio de Guerra de Basgiath, luchan por formar parte de la élite de Navarre: el Cuadrante de los Jinetes de dragones. Cuando eres más pequeña y frágil que los demás tu vida corre peligro, porque los dragones no se vinculan con humanos débiles. Además, con más jinetes que dragones disponibles, muchos la matarían con tal de mejorar sus probabilidades de éxito; y hay otros, como el despiadado Xaden Riorson, el líder de ala más poderoso del Cuadrante de Jinetes, que la asesinarían simplemente por ser la hija de la comandante general. Para sobrevivir, necesitará aprovechar al máximo todo su ingenio. Mientras la guerra se torna más letal Violet sospecha que los líderes de Navarre esconden un terrible secreto...','Fantasia','Español',21.75,'BOOK',4.6,'2023-11-15',0,'Alas De Sangre','https://res.cloudinary.com/dulpvbj0d/image/upload/f_auto,q_auto/v1/mediaflix/hi8awctlwmfofvgwvcdd'),(13,1,'Todos esperaban que Violet Sorrengail muriera durante su primer año en el Colegio de Guerra Basgiath, incluso ella misma. Pero la Trilla fue tan solo la primera de una serie de pruebas imposibles destinadas a deshacerse de los indignos y los desafortunados. Ahora comienza el verdadero entrenamiento, y Violet no sabe cómo logrará superarlo. No solo porque es brutal y agotador o porque está diseñado para llevar al límite el umbral del dolor de los jinetes, sino porque el nuevo vicecomandante está empeñado en demostrarle lo débil que es, a menos que traicione al hombre al que ama. La voluntad de sobrevivir no será suficiente este año, porque Violet conoce el secreto que se oculta entre los muros del colegio, y nada, ni siquiera el fuego de dragón, será suficiente para salvarlos.','Fantasia','Español',22.7,'BOOK',4.35,'2024-02-21',14,'Alas De Hierro','https://res.cloudinary.com/dulpvbj0d/image/upload/f_auto,q_auto/v1/mediaflix/opoocqjbzlriy4zusb8h'),(14,1,'Cuando la cazadora Feyre mata a un lobo en el bosque, una criatura bestial irrumpe en su casa para exigir una compensación. Así, es trasladada a una tierra mágica y engañosa de la que solo había oído hablar en las leyendas, donde Feyre descubre que su captor no es un animal sino Tamlin: una divinidad inmortal y letal que alguna vez reinó en su mundo. Mientras Feyre vive en su castillo, lo que siente por Tamlin muta de una hostilidad helada a una pasión ardiente y feroz, a pesar de todas las mentiras y advertencias a las que queda expuesta en ese mundo fantástico, bello y peligroso. Además, una vil sombra ancestral crece sobre la tierra de las hadas día a día, y Feyre debe encontrar la forma de detenerla... o condenar a Tamlin –y a su mundo– para siempre.','Fantasia','Español',16.31,'BOOK',4.2,'2024-02-21',4,'Una corte de rosas y espinas','https://res.cloudinary.com/dulpvbj0d/image/upload/f_auto,q_auto/v1/mediaflix/nckteytlbklptzspmvdk'),(15,1,'Las gélidas y oscuras aguas del río Blackwater inundan Perdido, un pequeño pueblo al sur de Alabama. Allí, los Caskey, un gran clan de ricos terratenientes, intentan hacer frente a los daños causados por la riada. Liderados por Mary-Love, la incontestable matriarca, y Óscar, su obediente hijo, los Caskey trabajan por recomponerse y salvaguardar su fortuna. Pero no cuentan con la aparición de la misteriosa Elinor Dammert. Una joven hermosa pero parca en palabras con un único objetivo: acercarse a los Caskey cueste lo que cueste.','Ficción','Español',9.4,'BOOK',4.1,'2024-02-07',7,'BLACKWATER I. La riada','https://res.cloudinary.com/dulpvbj0d/image/upload/f_auto,q_auto/v1/mediaflix/ff3afpteppxd5idcv4he'),(16,1,'Mientras Perdido se recupera de la inundación, propone la construcción de un dique que impida una nueva catástrofe. Sin embargo con las obras comenzarán las corrientes impredecibles y las desapariciones. Mientras tanto, en el clan Caskey, la matriarca Mary-Love ve cómo sus intereses chocan con los de Elinor, su misteriosa nuera. Las tensiones entre ambas amenazan con destruir el pueblo entero. En Perdido se avecinan grandes cambios, y las consecuencias serán devastadoras.','Ficción','Español',9.4,'BOOK',4.25,'2024-02-21',5,'BLACKWATER II. El dique','https://res.cloudinary.com/dulpvbj0d/image/upload/f_auto,q_auto/v1/mediaflix/w6buyfn6edzam1fbw9yi'),(17,1,'Perdido, 1928. El clan Caskey se desmorona con la cruenta guerra personal entre Mary-Love y Elinor. En los recovecos del caserón donde viven Elinor y Oscar se esconden crisis conyugales y existenciales con repercusiones que desafían la imaginación, mientras los peores recuerdos, aquellos que uno se esfuerza por mantener ocultos, acechan para tejer sus mortíferas redes y salir a flote.','Ficción','Español',9.4,'BOOK',4.5,'2024-03-06',7,'BLACKWATER III. La casa','https://res.cloudinary.com/dulpvbj0d/image/upload/f_auto,q_auto/v1/mediaflix/adsadgjmftwhc2pdwpcy'),(18,1,'Comienza una nueva era para el clan Caskey: la persistencia y el trabajo duro de Elinor en Perdido por fin parecen dar sus frutos. Su control arraiga en los hogares de un pueblo que en el pasado desconfió de sus intenciones. Sus enemigos, poderosos antaño, decrecen en número y pierden fuerza. El conflicto armado en Europa trae sangre nueva a Perdido. En las tierras de los Caskey, los hombres van y vienen como marionetas. No saben que sus vidas penden de un hilo.','Ficción','Español',9.4,'BOOK',4.5,'2024-03-20',7,'BLACKWATER IV. La guerra','https://res.cloudinary.com/dulpvbj0d/image/upload/f_auto,q_auto/v1/mediaflix/gk3nc3a5ndhqxu17oxfj'),(19,1,'Antonia Scott es especial. Muy especial. No es policía ni criminalista. Nunca ha empuñado un arma ni llevado una placa, y, sin embargo, ha resuelto decenas de crímenes. Pero hace un tiempo que Antonia no sale de su ático de Lavapiés. Las cosas que ha perdido le importan mucho más que las que esperan ahí fuera. Tampoco recibe visitas. Por eso no le gusta nada, nada, cuando escucha unos pasos desconocidos subiendo las escaleras hasta el último piso. Sea quien sea, Antonia está segura de que viene a buscarla. Y eso le gusta aún menos.','Thriller, Misterio, Suspense','Español',21.75,'BOOK',4.1,'2018-11-08',8,'Reina roja','https://res.cloudinary.com/dulpvbj0d/image/upload/f_auto,q_auto/v1/mediaflix/mlkrqzgceycpgjbfpqzw'),(20,1,'Un sádico asesino secuestra a un adolescente y lo encierra en un sótano, donde un teléfono roto y sin conexión suena de vez en cuando con llamadas de los muertos. Una familia visita un extraño museo donde se exhibe el último aliento de quienes ya nos han dejado. Arthur Rod es un imán para los matones; no es fácil hacer amigos cuando eres el único chico hinchable de la ciudad. Los hijos de un cazador de vampiros caído en desgracia descubren un oscuro secreto. Francis Kay se despierta una mañana convertido en una monstruosa langosta. La relación entre dos hermanos cambia cuando uno descubre que es capaz de volar. En el cine Rosebud, una joven tan guapa como muerta conversa con algunos espectadores sobre las películas que más le gustan...','Terror, Ficción','Español',18.52,'BOOK',3.9,'2023-02-20',3,'El teléfono negro','https://res.cloudinary.com/dulpvbj0d/image/upload/f_auto,q_auto/v1/mediaflix/cacgpgi6ehbpsrqunivz'),(21,1,'Jinwoo es un cazador de rango E, considerado como elivel más bajo dentro de la Asociación de cazadores, por lo quee le conoce como ÓEl cazador más debil. Día tras día pone eneligro su vida y se embarca en misiones del rango más bajoara poder sufragar los gastos de su madre enferma; sin embargo,n una de esas misiones, lo que en un principio parecían raid de rango D termina por ser una mazmorra de un nivelnusitado y las cosas empiezan a torcerse, ¿Lograrán Sung yus compañeros salir con vida? ¡Una historia llena de acción yonstruos al más puro estilo RPG!','Fantasia, Comic, Manga, Novela Gráfica','Español',14.95,'BOOK',4.48,'2021-05-28',7,'Solo leveling 1','https://res.cloudinary.com/dulpvbj0d/image/upload/f_auto,q_auto/v1/mediaflix/e4kpvcsuwkbxnrp03lgd'),(22,1,'En un mundo dominado por el miedo a los titanes la raza humana, convertida en mero alimento para esos seres, se protege de la invasión confinándose tras altísimos muros y aislándose del mundo exterior. Sin embargo, esa paz aparente se rompe con la aparición de un titán que, tras destruir el muro, inicia una nueva contienda que decidirá, de una vez por todas, quien se hará con la hegemonía en el mundo.','Fantasia, Comic, Manga, Novela Gráfica','Español',24.5,'BOOK',4.47,'2023-11-22',10,'Ataque a los titanes Integral 1','https://res.cloudinary.com/dulpvbj0d/image/upload/f_auto,q_auto/v1/mediaflix/hegw0pzpcwvslukhimpw'),(23,1,'Even bad code can function. But if code isn’t clean, it can bring a development organization to its knees. Every year, countless hours and significant resources are lost because of poorly written code. But it doesn’t have to be that way.','Programación y desarrollo software','Inglés',40.55,'BOOK',4.38,'2020-02-17',7,'Clean Code: A Handbook of Agile Software Craftsmanship','https://res.cloudinary.com/dulpvbj0d/image/upload/f_auto,q_auto/v1/mediaflix/zp4nkibxnpnmqenr6es9'),(24,1,'El diseño de Java, su robustez, el respaldo de la industria y su fácil portabilidad han hecho de Java uno de los lenguajes con un mayor crecimiento y amplitud de uso en distintas áreas de la industria de la informática. Su gran impacto en el desarrollo web, su protagonismo en el ámbito de las aplicaciones para dispositivos móviles, e incluso su sencillez y dinamismo para crear aplicaciones de escritorio, hacen de Java la plataforma de desarrollo número uno del mundo. Herbert Schildt le presenta esta obra, totalmente actualizada para la plataforma Java Standard Edition 9 (Java SE 9), a través de un enfoque paso a paso repleto de ejemplos, evaluaciones y proyectos. Comienza con los aspectos básicos, como la forma de compilar y ejecutar un programa Java, para después analizar la sintaxis y las construcciones que conforman el núcleo del lenguaje Java. También se describen las funciones más avanzadas, como la programación de subprocesamiento múltiple, los genéricos, las expresiones lambda, Swing, JavaFX, y, naturalmente, la nueva e innovadora función modular de Java SE 9. Por último, incluye una introducción a JShell, la nueva herramienta de programación interactiva de Java. Al finalizar el libro, dispondrá de una sólida base para programar con Java.','Programación y desarrollo software','Español',72.15,'BOOK',4.43,'2011-09-08',6,'Java 9','https://res.cloudinary.com/dulpvbj0d/image/upload/f_auto,q_auto/v1/mediaflix/luesz8mshbaoidpoegwz'),(25,1,'En una oscura versión del futuro próximo, doce chicos y doce chicas se ven obligados a participar en un reality show llamado Los Juegos del Hambre. Solo hay una regla: matar o morir. Cuando Katniss Everdeen, una joven de dieciséis años se presenta voluntaria para ocupar el lugar de su hermana en los juegos, lo entiende como una condena a muerte. Sin embargo, Katniss ya ha visto la muerte de cerca y la supervivencia forma parte de su naturaleza.','Ciencia Ficción, Novelas juveniles, Acción, Aventura','Español',12.95,'BOOK',4.34,'2008-09-14',3,'Los Juegos del Hambre','https://res.cloudinary.com/dulpvbj0d/image/upload/f_auto,q_auto/v1/mediaflix/zyzlr97r9iemeb17jazn'),(26,1,'Katniss Everdeen ha sobrevivido a Los juegos del hambre. Pero el Capitolio quiere venganza. Contra todo pronóstico, Katniss Everdeen y Peeta Mellark siguen vivos. Aunque Katniss debería sentirse aliviada, se rumorea que existe una rebelión contra el Capitolio, una rebelión que puede que Katniss y Peeta hayan ayudado a inspirar. La nación les observa y hay mucho en juego. Un movimiento en falso y las consecuencias serán inimaginables.','Ciencia Ficción, Novelas juveniles, Acción, Aventura','Español',12.95,'BOOK',4.33,'2008-09-01',2,'Los Juegos del Hambre: En llamas','https://res.cloudinary.com/dulpvbj0d/image/upload/f_auto,q_auto/v1/mediaflix/rqihxxegakbabztei6rx'),(27,1,'Katniss Everdeen ha sobrevivido dos veces a los Juegos del Hambre, pero no está a salvo. La revolución se extiende y, al parecer, todos han tenido algo que ver en el meticuloso plan, todos excepto Katniss. Aun así su papel en la batalla final es el más importante de todos. Katniss debe convertirse en el Sinsajo, en el símbolo de la rebelión... a cualquier precio.','Novelas juveniles, Acción, Aventura, Ciencia Ficción, Suspenso','Español',12.95,'BOOK',4.09,'2010-08-24',6,'Los Juegos del Hambre: Sinsajo','https://res.cloudinary.com/dulpvbj0d/image/upload/f_auto,q_auto/v1/mediaflix/q2w1hpkujhqgqqtol9qq'),(28,1,'Es la mañana de la cosecha que dará comienzo a los décimos Juegos del Hambre. En el Capitolio, Coriolanus Snow, de dieciocho años, se prepara para una oportunidad única: alcanzar la gloria como mentor de los Juegos. La casa de los Snow, antes tan influyente, atraviesa tiempos difíciles, y su destino depende de que Coriolanus consiga superar a sus compañeros en ingenio, estrategia y encanto como mentor del tributo que le sea adjudicado. Todo está en su contra...','Ciencia Ficción, Novela bélica, Acción, Aventura','Español',12.95,'BOOK',3.95,'2020-05-19',16,'Los Juegos del Hambre: Balada de pájaros cantores y serpientes','https://res.cloudinary.com/dulpvbj0d/image/upload/f_auto,q_auto/v1/mediaflix/kqxgkuv7uexfjqs3syiq'),(29,1,'En la adormecida e idílica Comarca, un joven hobbit recibe un encargo: custodiar el Anillo Único y emprender el viaje para su destrucción en la Grieta del Destino. Acompañado por magos, hombres, elfos y enanos, atravesará la Tierra Media y se internará en las sombras de Mordor, perseguido siempre por las huestes de Sauron, el Señor Oscuro, dispuesto a recuperar su creación para establecer el dominio definitivo del Mal.','Literatura fantástica, Alta fantasía, Aventuras, Libro de caballerías, Fantasía heroica','Español',10.4,'BOOK',4.39,'2022-08-31',7,'El Señor de los Anillos 1. La Comunidad del Anillo','https://res.cloudinary.com/dulpvbj0d/image/upload/f_auto,q_auto/v1/mediaflix/samczhhe3ec07xjn6gip'),(30,1,'La Compañía se ha disuelto y sus integrantes emprenden caminos separados. Frodo y Sam continúan solos su viaje a lo largo del río Anduin, perseguidos por la sombra misteriosa de un ser extraño que también ambiciona la posesión del Anillo. Mientras, hombres, elfos y enanos se preparan para la batalla final contra las fuerzas del Señor del Mal.','Literatura fantástica, Alta fantasía, Aventuras, Libro de caballerías, Fantasía heroica','Español',10.4,'BOOK',4.48,'2022-08-31',4,'El Señor de los Anillos II. Las Dos Torres','https://res.cloudinary.com/dulpvbj0d/image/upload/f_auto,q_auto/v1/mediaflix/zvm767m8mgoey54wwsgi'),(31,1,'Los ejércitos del Señor Oscuro van extendiendo cada vez más su maléfica sombra por la Tierra Media. Hombres, elfos y enanos unen sus fuerzas para presentar batalla a Sauron y sus huestes. Ajenos a estos preparativos, Frodo y Sam siguen adentrándose en el país de Mordor en su heroico viaje para destruir el Anillo de Poder en las Grietas del Destino.','Literatura fantástica, Alta fantasía, Aventuras, Libro de caballerías, Fantasía heroica','Español',10.4,'BOOK',4.56,'2022-08-31',8,'El Señor de los Anillos 3. El Retorno del Rey','https://res.cloudinary.com/dulpvbj0d/image/upload/f_auto,q_auto/v1/mediaflix/gncmzdmbuz8qvjfo81qy'),(32,1,'Smaug parecía profundamente dormido cuando Bilbo espió una vez más desde la entrada. ¡Pero fingía! ¡Estaba vigilando la entrada del túnel!... Sacado de su cómodo agujero-hobbit por Gandalf y una banda de enanos, Bilbo se encuentra de pronto en medio de una conspiración que pretende apoderarse del tesoro de Smaug el Magnífico, un enorme y muy peligroso dragón...','Novela, Literatura fantástica, Alta fantasía, Literatura infantil, Épico','Español',10.4,'BOOK',4.29,'2022-08-31',1,'El Hobbit','https://res.cloudinary.com/dulpvbj0d/image/upload/f_auto,q_auto/v1/mediaflix/fcyahzbatrktsj1igjw2'),(33,1,'Robert Langdon recibe una llamada en mitad de la noche: el conservador del museo del Louvre ha sido asesinado en extrañas circunstancias y junto a su cadáver ha aparecido un desconcertante mensaje cifrado. Al profundizar en la investigación, Langdon, experto en simbología, descubre que las pistas conducen a las obras de Leonardo Da Vinci… y que están a la vista de todos, ocultas por el ingenio del pintor. Langdon une esfuerzos con la criptóloga francesa Sophie Neveu y descubre que el conservador del museo pertenecía al priorato de Sión, una sociedad que a lo largo de los siglos ha contado con miembros tan destacados como sir Isaac Newton, Botticelli, Victor Hugo o el propio Da Vinci, y que ha velado por mantener en secreto una sorprendente verdad histórica.','Novela, Suspenso, Misterio, Ficción, Detectivesca, Policíaca, Conspirativa','Español',18.95,'BOOK',3.91,'2017-08-29',10,'El código Da Vinci','https://res.cloudinary.com/dulpvbj0d/image/upload/f_auto,q_auto/v1/mediaflix/lwbylpbmqkkeg2u8qssv'),(34,1,'Robert Langdon, experto en simbología, es convocado a un centro de investigación suizo para analizar un misterioso signo marcado a fuego en el pecho de un físico asesinado. Allí, Langdon descubre el resurgimiento de una antigua hermandad secreta: los illuminati, que han emergido de las sombras para llevar a cabo la fase final de una legendaria venganza contra su enemigo más odiado: la Iglesia católica. Los peores temores de Langdon se confirman cuando los illuminati anuncian que han escondido una bomba en el corazón de la Ciudad del Vaticano. Con la cuenta atrás en marcha, Langdon viaja a Roma para unir fuerzas con Vittoria Vetra, una bella y misteriosa científica. Los dos se embarcarán en una desesperada carrera contrarreloj por los rincones menos conocidos del Vaticano.','Novela, Suspenso, Misterio, Ficción, Detectivesca, Policíaca, Conspirativa','Español',18.95,'BOOK',3.91,'2011-06-21',4,'Ángeles y demonios','https://res.cloudinary.com/dulpvbj0d/image/upload/f_auto,q_auto/v1/mediaflix/wllo5phbjav48nqymclq'),(35,1,'Hogwarts Legacy es un RPG inmersivo de acción en mundo abierto. Ahora puedes tomar el control de la acción y ser el centro de tu propia aventura en el mundo mágico.','Acción, Aventura, Rol','Multiidioma',35,'GAME',4.1,'2023-02-10',8,'Hogwarts Legacy','http://res.cloudinary.com/dulpvbj0d/image/upload/v1711809162/mediaflix/lfqj4vvhxbhcxotdtdkn.jpg'),(36,1,'La historia de Cal Kestis continúa en STAR WARS Jedi: Survivor™, un juego de acción en tercera persona de proporciones galácticas.','Acción, Aventura','Multiidioma',35.9,'GAME',4.2,'2023-04-28',4,'Star Wars Jedi: Survivor','http://res.cloudinary.com/dulpvbj0d/image/upload/v1711809207/mediaflix/xr6wkvvfb8w82lwb73lt.jpg'),(37,1,'EL NUEVO JUEGO DE ROL Y ACCIÓN DE AMBIENTACIÓN FANTÁSTICA. Álzate, Sinluz, y que la gracia te guíe para abrazar el poder del Círculo de Elden y encumbrarte como señor del Círculo en las Tierras Intermedias.','Acción, Aventura','Multiidioma',35.99,'GAME',4.75,'2022-02-25',7,'Elden Ring','http://res.cloudinary.com/dulpvbj0d/image/upload/v1711809227/mediaflix/dzsfeuws0k6hjonvv53q.jpg'),(38,1,'Rise of the Ronin es un GAME de acción y rol en mundo abierto exclusivo de PlayStation 5 desarrollado por Team NINJA que se enfoca en el combate y en la historia épica de un samurai del Japón del siglo XIX que buscará forjar su propio nombre y que acabará decidiendo el destino del país nipón.','Acción, Aventura, Rol','Multiidioma',69.9,'GAME',4.15,'2024-03-22',15,'Rise of the Ronin','http://res.cloudinary.com/dulpvbj0d/image/upload/v1711809244/mediaflix/kuzwx12sae6eaazum0wh.png'),(39,1,'Prepárate para el próximo capítulo de la legendaria franquicia del juego de lucha: TEKKEN 8.','Acción','Multiidioma',52.99,'GAME',4.5,'2024-01-26',10,'Tekken 8','http://res.cloudinary.com/dulpvbj0d/image/upload/v1711809262/mediaflix/bqaxr82jmay3bnaubqby.jpg'),(40,1,'La primera entrega en 3D de la serie METAL GEAR introduce una trama de acción y sigilo con escenas de acción en vivo y cinemáticas con una innovadora mecánica de juego.','Acción','Multiidioma',40.94,'GAME',4.2,'2023-10-24',5,'Metal Gear Solid Master Collection','http://res.cloudinary.com/dulpvbj0d/image/upload/v1711809278/mediaflix/rhzwconfbuazqa80sxdv.jpg'),(41,1,'Disfruta de la emotiva historia y los inolvidables personajes de The Last of Us, ganador de más de 200 premios de Juego del Año. En una civilización asolada, plagada de infectados y crueles supervivientes, Joel, nuestro exhausto protagonista, es contratado para sacar a escondidas a una chica de 14 años, Ellie, de una zona militar en cuarentena. Pero lo que comienza siendo una simple tarea, pronto se transforma en un brutal viaje por el país.','Acción, Aventura','Multiidioma',56.9,'GAME',4.75,'2023-03-28',8,'The Last Of Us Parte I Remake','http://res.cloudinary.com/dulpvbj0d/image/upload/v1711809296/mediaflix/uai1cdcwfzkoprm5ajb0.jpg'),(42,1,'Sobrevive tanto como puedas en cada partida mientras decides tu camino a través de una serie de encuentros aleatorios con diferentes enemigos y lugares inolvidables de toda la Parte II, todo ello culminando en tensas batallas contra jefes.','Acción, Aventura','Multiidioma',41.99,'GAME',5,'2024-01-19',15,'The Last of Us: Parte II Remastered','http://res.cloudinary.com/dulpvbj0d/image/upload/v1711809316/mediaflix/vkzfc2ducyzbrn8saeqd.png'),(43,1,'Kratos ha dejado atrás su venganza contra los dioses del Olimpo y vive ahora como un hombre en los dominios de los dioses y monstruos nórdicos. En este mundo cruel e implacable debe luchar para sobrevivir… y enseñar a su hijo a hacerlo también.','Acción, Aventura, Rol','Multiidioma',16.99,'GAME',4.8,'2022-01-14',5,'God of War','http://res.cloudinary.com/dulpvbj0d/image/upload/v1711809327/mediaflix/ynmihd1m73iy3gl5du3n.jpg'),(44,1,'Con el God of War Ragnarok podrás embarcarte en un épico y emotivo viaje en el que Kratos y Atreus deberán decidir a qué se aferran y qué dejan ir. De la mano de Santa Monica Studio llega la secuela del aclamado God of War (2018). El Fimbulvetr está en marcha. Kratos y Atreus deben viajar a cada uno de los Nueve Reinos en busca de respuestas mientras las fuerzas asgardianas se preparan para la batalla profetizada que supondrá el fin del mundo. Por el camino, explorarán paisajes míticos increíbles y se enfrentarán a temibles enemigos, como monstruos y dioses nórdicos. La amenaza del Ragnarök está cada vez más cerca. Kratos y Atreus deben elegir entre su propia seguridad y la de los reinos. God of War Ragnarok es un juego de ofical de Sony Interactive Enertiment, división de Sony responsable de la consola Playstation así como de sus juegos y accesorios. Los juegos de Sony Interactive Entertiment cuentan con los mayores estándares de calidad y producción. Los juegos de Sony están especialmente optimizados para explotar al máximo las cualidades de las consolas Playstation y sus accesorios.','Acción, Aventura, Rol','Multiidioma',63.97,'GAME',4.8,'2023-04-28',15,'God of War Ragnarok','http://res.cloudinary.com/dulpvbj0d/image/upload/v1711809346/mediaflix/v2nm39ral55dc24b2llg.jpg'),(45,1,'Apura la frenada con EA SPORTS™ F1® 23, el videojuego oficial del 2023 FIA Formula One World Championship™. Un nuevo capítulo del emocionante modo historia Braking Point te ofrece dramas a alta velocidad y rivalidades intensas.','Carreras, Deportes','Multiidioma',25.99,'GAME',3.75,'2023-06-16',5,'F1 23','http://res.cloudinary.com/dulpvbj0d/image/upload/v1711809360/mediaflix/nk48xazfp2kvnmcwe4a9.png'),(46,1,'Sobrevivir es solo el principio. Con una mecánica de juego modernizada, una historia reimaginada y unos gráficos espectacularmente detallados, Resident Evil 4 supone el renacimiento de un gigante del mundo de los videojuegos.','Acción, Aventura','Multiidioma',39.9,'GAME',4.6,'2023-03-24',10,'Resident Evil 4 Remake','http://res.cloudinary.com/dulpvbj0d/image/upload/v1711809373/mediaflix/rlbazdsz3glfr7agyyvw.jpg'),(47,1,'La última línea de ataque de la galaxia. Alístate en los Helldivers y únete a la lucha por la libertad en una galaxia hostil en un juego de disparos en tercera persona rápido, frenético y feroz.','Acción, Aventura','Multiidioma',41.9,'GAME',4.15,'2024-02-08',15,'Helldivers II','http://res.cloudinary.com/dulpvbj0d/image/upload/v1711809386/mediaflix/e4vxdldtwfjfpclqytjb.png'),(48,1,'Eres Geralt de Rivia, cazador de monstruos. En un continente devastado por la guerra e infestado de criaturas, tu misión es encontrar a Ciri, la niña de la profecía, un arma viviente que puede alterar el mundo tal y como lo conocemos.','Rol','Multiidioma',19.99,'GAME',4.7,'2015-05-18',8,'The Witcher 3','http://res.cloudinary.com/dulpvbj0d/image/upload/v1711809401/mediaflix/leowoxphg05dlmmkkzrl.jpg'),(49,1,'FIFA 23 lleva el juego del mundo al campo con la tecnología HyperMotion2, la FIFA World Cup™ masculina y femenina, equipos de clubes femeninos, funciones Cross-Play** y mucho más.','Simuladores, Deportes','Multiidioma',21.99,'GAME',3.3,'2022-09-30',12,'FIFA 23','http://res.cloudinary.com/dulpvbj0d/image/upload/v1711809491/mediaflix/yevyqgt1aqcagvyzynns.png'),(50,1,'Super Mario Bros. Wonder: El nuevo paso en la evolución de los juegos en 2D de desplazamiento lateral de la serie Super Mario Bros. está de camino a Nintendo Switch. Cuando los jugadores toquen una Flor Maravilla en el juego, ocurrirán auténticos portentos: las tuberías cobrarán vida, aparecerán montones de enemigos e incluso los personajes cambiarán de apariencia, lo que transformará por completo y de forma totalmente inesperada la manera de jugar. Cada nivel cuenta con sorpresas muy emocionantes. En Super Mario Bros. Wonder, los jugadores pueden elegir a la princesa Peach, la princesa Daisy y Yoshi, aparte de personajes tan habituales como Mario, Luigi y Toad. Además, Super Mario Bros. Wonder marca el debut del nuevo potenciador de Mario, que le permite transformarse en Mario elefante.','Plataformas, Arcade','Multiidioma',44.99,'GAME',4.45,'2023-10-20',15,'Super Mario Bros. Wonder','http://res.cloudinary.com/dulpvbj0d/image/upload/v1711809505/mediaflix/euvokilrjaqbwbdfdboz.jpg'),(51,1,'Compra y disfruta del Mario Kart definitivo donde quieras y cuando quieras con Mario Kart 8 Deluxe para Nintendo Switch, incluso en partidas multijugador local para hasta ocho pilotos. Los populares circuitos y personajes de la versión de Wii U regresan, junto a los circuitos y personajes descargables, además de personajes nuevos: Inkling chico e Inkling chica de Splatoon; el Rey Boo; Huesitos y Bowsy. Y cuando la competición es tan elevada, cada piloto necesitará llevar ahora dos objetos simultáneamente, incluyendo novedades como el ladrón de objetos Boo o la pluma, que permite saltar en las batallas. El modo batalla se renueva por completo con nuevas opciones multijugador en la batalla de globos y el añadido de circuitos inéditos como el Parque Viaducto o el Estado de Batalla, que se unen a viejos conocidos como la Mansión de Luigi de Mario Kart: Double Dash!! (GameCube) y el Circuito de Batalla 1 de Super Mario Kart (NES).','Arcade, Carreras','Multiidioma',46.99,'GAME',4.2,'2017-04-28',10,'Mario Kart 8 Deluxe','http://res.cloudinary.com/dulpvbj0d/image/upload/v1711809530/mediaflix/ta6fr2khdqzzlne0rvk3.jpg'),(52,1,'Si ya no puedes más con el ajetreo de la ciudad, Tom Nook se ha sacado un negocio redondo de debajo de la manga y te tiene preparada una sorpresa que te encantará: ¡el Plan de Asentamiento en Islas Desiertas de Nook Inc. Hasta ahora has conocido a personajes de lo más variopinto, te los has pasado de miedo en la gran ciudad y puede que hasta hayas decidido darle un giro a tu vida trabajando en la alcaldía. Sin embargo, hay una parte de ti que anhela… ¡la libertad en estado puro. Quieres hacer lo que te apetezca en cualquier momento. Quizá la solución sea darse un largo paseo por la playa de una isla desierta, en la que aguarda un verdadero tesoro de naturaleza virgen. Disfruta de una vida placentera repleta de encanto y creatividad. Eso sí, también tendrás que dar un poco el callo para sacarle el máximo partido. Recoge materiales y crea todo tipo de cosas: desde herramientas hasta objetos para hacerte la vida más cómoda. Saca a relucir tus dotes para la jardinería e interactúa con las flores y los árboles de nuevas maneras. Levanta un hogar en el que la línea entre el interior y el exterior se desdibuja por completo. Traba amistad con los recién llegados, disfruta del paso de las estaciones, sortea ríos mientras exploras la isla. ¡y mucho más.','Simulador','Multiidioma',38.99,'GAME',4.15,'2020-03-20',10,'Animal Crossing: New Horizons','http://res.cloudinary.com/dulpvbj0d/image/upload/v1711809544/mediaflix/q5xawhu0rdcqssefvscm.jpg'),(53,1,'La princesa Peach y sus amigos llegan al Teatro Esplendor para disfrutar del espectáculo, pero la malvada Grape y la Compañía Malaúva irrumpen en escena y se adueñan del lugar. La obra perfecta se convierte en tragedia, así que... ¡Peach deberá luchar para sacar la función adelante y que no se cierre el telón!','Arcade, Aventura','Multiidioma',55.79,'GAME',4.1,'2024-03-22',8,'Princess Peach: Showtime!','http://res.cloudinary.com/dulpvbj0d/image/upload/v1711809556/mediaflix/yl78rn2hwkhfccbmq7yj.jpg'),(54,1,'Super Smash Bros. Ultimate para Nintendo Switch es un aclamado crossover de lucha que cuenta con una amplia gama de personajes de otros juegos y franquicias, lo cual ha sido posible gracias a la colaboración entre Bandai, Sora y Nintendo. Naturalmente, dado el título del juego, todos los personajes del mundo de la serie de Mario Bros son incluidos, haciendo gala de diferentes habilidades y grados de personalización. Esta es la quinta entrega de la franquicia, y nos ofrece la inmensa cantidad de setenta (¡70!) personajes jugables.','Peleas, Plataformas','Multiidioma',58.9,'GAME',4.35,'2018-12-07',10,'Super Smash Bros. Ultimate','http://res.cloudinary.com/dulpvbj0d/image/upload/v1711809568/mediaflix/ttriqeo2jve7yrwzro1r.jpg'),(55,1,'Te aguarda un épico viaje en el que recorrerás las tierras y los vastos cielos de Hyrule en The Legend of Zelda: Tears of the Kingdom para Nintendo Switch. Crea tu propia aventura en este mundo donde el límite es tu imaginación. En la secuela de The Legend of Zelda: Breath of the Wild, tú decidirás qué camino seguir a lo largo de los inmensos paisajes de Hyrule y las misteriosas islas que flotan allá arriba en el cielo. ¿Lograrás dominar el poder de las nuevas habilidades de Link y luchar contra las fuerzas malévolas que amenazan al reino?','Acción, Aventura, Mundo abierto, Rol','Multiidioma',60.09,'GAME',4.75,'2023-05-12',4,'The Legend of Zelda: Tears of the Kingdom','http://res.cloudinary.com/dulpvbj0d/image/upload/v1711809579/mediaflix/cafojskjg3j4tgrpfbbs.jpg'),(56,1,'Cinco años después de la última entrega original para sobremesa, el futuro de la serie The Legend of Zelda llega a Nintendo Switch y Wii U replanteando por completo las bases de la saga. Producido por Eiji Aonuma, The Legend of Zelda: Breath of the Wild te sumergirá en un mundo de descubrimiento con un impresionante estilo artístico similar a The Wind Waker o Skyward Sword, una cautivadora banda sonora y una intrigante y melancólica historia. Despierta tras un siglo de letargo, adéntrate en el Hyrule más amplio y abierto jamás creado por las tres grandes Diosas y forja tu propio camino con el orden y aventuras que quieras. La historia de la familia real de Hyrule es también la historia del cataclismo. Y la historia del cataclismo siempre ha sido la de Ganon. Descubre el enigmático pasado de esta asolada tierra, un mundo entero repleto de aventuras que espera ser explorado, y viaja como Link por bastos campos, espesos bosques y cumbres nevadas bajo el cielo abierto de Hyrule para revelar cómo la oscuridad se impuso sobre la luz.','Acción, Aventura, Mundo abierto, Rol','Multiidioma',44.99,'GAME',4.75,'2017-03-03',10,'The Legend Of Zelda: Breath Of The Wild','http://res.cloudinary.com/dulpvbj0d/image/upload/v1711809598/mediaflix/fx3zzqmnocdjupuupr9t.jpg'),(57,1,'Pokémon Púrpura para Nintendo Switch es un videojuego de rol, el último de la larga serie de Nintendo y The Pokémon Company. Emparejado con Pokémon Escarlata, este juego es una de las primeras entregas de la novena generación de los adorables monstruos de bolsillo, de los que hay 122 en total. El jugador puede elegir uno de los tres caminos o formas de jugar (ver más abajo para más detalles) en solitario, o puede jugar en cooperativo.','Turnos, Mundo abierto, Rol','Multiidioma',46.99,'GAME',3.55,'2022-10-18',5,'Pokemon Púrpura','http://res.cloudinary.com/dulpvbj0d/image/upload/v1711809614/mediaflix/duma0714mxl8ahuzpoca.png'),(58,1,'Pokémon Escarlata para Nintendo Switch es un videojuego de rol, el último de la larga serie de Nintendo y The Pokémon Company. Emparejado con Pokémon Escarlata, este juego es una de las primeras entregas de la novena generación de los adorables monstruos de bolsillo, de los que hay 122 en total. El jugador puede elegir uno de los tres caminos o formas de jugar (ver más abajo para más detalles) en solitario, o puede jugar en cooperativo.','Turnos, Mundo abierto, Rol','Multiidioma',46.99,'GAME',3.55,'2022-10-18',5,'Pokemon Escarlata','http://res.cloudinary.com/dulpvbj0d/image/upload/v1711809628/mediaflix/omthky6p2vvi86upqywu.png'),(59,1,'Rayman llega ahora a Nintendo Switch con Rayman Legends: Definitive Edition y nuevos contenidos exclusivos. Rayman, Globox y los Diminutos andan vagando por un bosque encantado cuando descubren una misteriosa tienda de campaña llena de cautivadores cuadros. Al mirarlos con más atención, se dan cuenta de que cada cuadro parece contar la historia de un mundo mítico. Mientras observan un cuadro que muestra un escenario de aspecto medieval, son succionados de repente dentro del cuadro, entrando en ese mundo que representa, y es ahí donde la aventura comienza. La pandilla deberá correr, saltar y abrirse paso a través de cada mundo para seguir vivos y correteando, y descubrir los secretos de cada uno de los legendarios cuadros. La experiencia Kung Foot, exclusiva de Nintendo Switch, ofrece ahora un modo para un jugador y un modo torneo en el que ocho equipos podrán enfrentarse. También podrás conectar dos consolas para jugar en modo local cooperativo.','Plataformas, Arcade','Multiidioma',10.62,'GAME',3.6,'2013-09-03',5,'Rayman Legends: Definitive Edition','http://res.cloudinary.com/dulpvbj0d/image/upload/v1711809638/mediaflix/emxdvfzagglgqn1ureez.jpg'),(60,1,'Los Pikmin regresan para emprender otra gran misión, estos diminutos seres, similares a las plantas, habitan un misterioso planeta. Hazlos crecer, arráncalos del suelo y dales órdenes mientras recorres a su lado este nuevo mundo.','Estrategia','Multiidioma',46.9,'GAME',4.3,'2023-07-21',5,'Pikmin 4','http://res.cloudinary.com/dulpvbj0d/image/upload/v1711809654/mediaflix/l2sjxm9pbnoryzpmpikd.jpg'),(61,1,'El misterioso viaje de Layton: Katrielle y la conspiración de los millonarios - Edición Deluxe incluirá más de 40 nuevos puzles, además de nuevos contenidos y mejoras. En esta entrega de la serie de misterios y puzles, el famoso Profesor Hershel Layton ha desaparecido y su hija Katrielle –una inteligente y vivaz jovencita con un don para llegar a la verdad a pesar de la falta de pistas – pasa a ocupar el papel protagonista. En su aventura, contará con la ayuda de un colorido reparto de personajes nuevos en la serie, entre ellos un joven estudiante llamado Ernest Greeves que actúa como su ayudante, y Sherl, un perro parlante que empieza como el primer cliente de Katrielle, pero se convierte rápidamente en su compinche.','Puzzle, Aventura','Multiidioma',32.98,'GAME',4,'2017-07-20',5,'El Misterioso Viaje de Layton','http://res.cloudinary.com/dulpvbj0d/image/upload/v1711809667/mediaflix/w1crgvvtnqx8g1beqaft.png'),(62,1,'Crea tu propia secta en una tierra de falsos profetas, aventurándote en regiones diversas y misteriosas para construir una leal comunidad de adoradores de los bosques, y difunde tu Palabra para convertir tu secta en la única y verdadera. Construye tu rebaño: Reúne recursos y úsalos para construir nuevas estructuras, realiza rituales oscuros para apaciguar a los dioses y pronuncia sermones para reforzar la fe de tu rebaño. Destruye a los infieles: Explora un inmenso mundo generado de forma procedimental, rechaza a hordas de enemigos y derrota a los líderes de grupos rivales para absorber su poder y reafirmar la supremacía de tu secta. Difunde la palabra: Entrena a tu rebaño y embárcate en la misión de explorar y descubrir los secretos de cinco misteriosas regiones. Purifica a los infieles, difunde la iluminación y lleva a cabo rituales místicos en tu periplo para convertirte en el poderoso dios cordero.','Acción, Aventura, Indie, Estrategia','Multiidioma',34.9,'GAME',3.9,'2022-08-11',15,'Cult of the Lamb','http://res.cloudinary.com/dulpvbj0d/image/upload/v1711809682/mediaflix/a9oljfegv2e4doi6fs81.jpg'),(63,1,'¡Baila y comparte momentos emocionantes durante todo el año con la plataforma de videojuegos musicales número uno de todos los tiempo! ¡Just Dance 2024 Edition cuenta con 40 nuevas canciones, incluidos los últimos éxitos y los clásicos más queridos de una gran variedad de géneros y épocas! ¡Amplia la experiencia con Just Dance+! ¡Desbloquea la prueba gratuita de un mes incluida con el juego para acceder a cientos de canciones y otras añadidas de forma regular!','Música, Baile','Multiidioma',21.99,'GAME',3.55,'2023-10-24',5,'Just Dance 2024','http://res.cloudinary.com/dulpvbj0d/image/upload/v1711809694/mediaflix/nc1mleqzysvpbjvubmfc.jpg'),(64,1,'¡Overcooked vuelve con un nuevo y caótico juego de cocina en acción! Regresa al Reino de la Cebolla y organiza tu equipo de chefs en un cooperativo clásico o en partidas en línea de hasta cuatro jugadores. Agarraos los delantales... es hora de salvar el mundo (¡otra vez!)','Simulación, Cooperativo','Multiidioma',10.5,'GAME',4,'2018-08-07',5,'Overcooked! 2','http://res.cloudinary.com/dulpvbj0d/image/upload/v1711809716/mediaflix/yeyob0myl6daidmie1dm.jpg'),(65,1,'Acabas de heredar la vieja parcela agrícola de tu abuelo de Stardew Valley. Decides partir hacia una nueva vida con unas herramientas usadas y algunas monedas. ¿Te ves capaz de vivir de la tierra y convertir estos campos descuidados en un hogar próspero?','Indie, Rol, Simuladores','Multiidioma',13.99,'GAME',4.35,'2016-02-26',5,'Stardew Valley','http://res.cloudinary.com/dulpvbj0d/image/upload/v1711809732/mediaflix/sapekiz5kffnwxvj9zjz.jpg'),(66,1,'Cyberpunk 2077 es un RPG de acción y aventura en mundo abierto ambientado en Night City, una megalópolis obsesionada con el poder, el glamur y la modificación corporal. Encarnarás a V, merc cyberpunk, y te enfrentarás a las fuerzas más poderosas de la ciudad en una lucha por la gloria y la supervivencia. Aquí nacen las leyendas. ¿Cuál será la tuya?','Acción, Aventura, Rol','Multiidioma',44.99,'GAME',4.05,'2023-12-05',5,'Cyberpunk 2077 Ultimate Edition','http://res.cloudinary.com/dulpvbj0d/image/upload/v1711809747/mediaflix/pxsrr9h6wuypn4bs6max.png'),(67,1,'¡Crea el coche de tus sueños en nuestro juego de rally más grande hasta la fecha! EA SPORTS™ WRC es el nuevo videojuego oficial del FIA World Rally Championship y el primero desarrollado por el galardonado equipo responsable de la serie DiRT Rally.','Carreras, Simuladores, Deportes','Multiidioma',19.99,'GAME',3.6,'2023-11-03',5,'EA SPORTS WRC','http://res.cloudinary.com/dulpvbj0d/image/upload/v1711809758/mediaflix/vcbofpuuttfgrbtysx5v.jpg'),(68,1,'DEATHLOOP es un shooter en primera persona de nueva generación desarrollado por Arkane Lyon, el galardonado estudio creador de Dishonored. Dos asesinos rivales se ven atrapados en un bucle temporal en la misteriosa isla de Blackreef, condenados a repetir una y otra vez el mismo día.','Acción','Multiidioma',10.05,'GAME',4.15,'2021-09-14',5,'Deathloop','http://res.cloudinary.com/dulpvbj0d/image/upload/v1711809777/mediaflix/pwch2qdidinazbusq0mp.jpg'),(69,1,'Vampire: The Masquerade - Swansong es un RPG narrativo adaptado de la quinta edición de Vampire: The Masquerade, el jugador toma el control de 3 vampiros pertenecientes a diferentes clanes de la Camarilla, la sociedad secreta a la que pertenecen la mayoría de los vampiros. Tejiendo entre las historias entrelazados, el jugador tiene que confrontar los diferentes puntos de vista de sus personajes para desentrañar los hechos de la ficción. Con susurros de conspiración, asesinatos y luchas de poder, el jugador debe proteger a su clan, descubrir la verdad y, sobre todo, hacer cumplir la Mascarada, la ley de vampiros diseñada para ocultar la existencia de criaturas de la noche a los humanos.','Aventura, Rol','Multiidioma',11.75,'GAME',3,'2023-05-30',5,'Vampire: the Masquerade Swansong','http://res.cloudinary.com/dulpvbj0d/image/upload/v1711809788/mediaflix/bcnacdlgxs7dglypmfzd.jpg'),(70,1,'Vuelve el clásico de terror y supervivencia de ciencia ficción, recreado completamente para ofrecer una experiencia más inmersiva (incluidas mejoras visuales, sonoras y de jugabilidad) al mismo tiempo que se mantiene fiel a la emocionante visión del juego original.','Acción, Aventura','Multiidioma',17.99,'GAME',4.15,'2023-01-27',5,'Dead Space','http://res.cloudinary.com/dulpvbj0d/image/upload/v1711809823/mediaflix/ecwotbdatnsbch6kqdi0.png'),(71,1,'Un mundo inmenso te aguarda en Lords of the Fallen, un nuevo RPG de acción y fantasía con tintes oscuros. Ponte en la piel de uno de los míticos Cruzados de la Oscuridad y emprende una gesta para derrocar a Adyr, el Dios Demonio.','Acción, Aventura, Rol','Multiidioma',37.99,'GAME',3.35,'2023-11-13',5,'Lords of the Fallen','http://res.cloudinary.com/dulpvbj0d/image/upload/v1711809836/mediaflix/svadduan2mbzu7fajxvl.png'),(72,1,'Perdido, solo y separado de su familia, un gato callejero debe desentrañar un antiguo misterio para escapar de una ciberciudad olvidada y encontrar el camino a casa.','Aventura, Indie','Multiidioma',24.99,'GAME',4.05,'2022-07-19',5,'Stray','http://res.cloudinary.com/dulpvbj0d/image/upload/v1711809848/mediaflix/jr6zucllsoxhea1s9ckp.jpg'),(73,1,'Hogwarts Legacy es un RPG inmersivo de acción en mundo abierto. Ahora puedes tomar el control de la acción y ser el centro de tu propia aventura en el mundo mágico.','Acción, Aventura, Rol','Multiidioma',41.55,'GAME',4.1,'2023-02-10',10,'Hogwarts Legacy Xbox','http://res.cloudinary.com/dulpvbj0d/image/upload/v1711809892/mediaflix/lycpc5cw2jzixin97nyz.jpg'),(74,1,'La historia de Cal Kestis continúa en STAR WARS Jedi: Survivor™, un juego de acción en tercera persona de proporciones galácticas.','Acción, Aventura','Multiidioma',36.99,'GAME',4.2,'2023-04-28',5,'Star Wars Jedi: Survivor Xbox','http://res.cloudinary.com/dulpvbj0d/image/upload/v1711809905/mediaflix/dzeefwcvabzhxd9bu49r.jpg'),(75,1,'EL NUEVO JUEGO DE ROL Y ACCIÓN DE AMBIENTACIÓN FANTÁSTICA. Álzate, Sinluz, y que la gracia te guíe para abrazar el poder del Círculo de Elden y encumbrarte como señor del Círculo en las Tierras Intermedias.','Acción, Aventura','Multiidioma',39,'GAME',4.75,'2022-02-25',8,'Elden Ring Xbox','http://res.cloudinary.com/dulpvbj0d/image/upload/v1711809916/mediaflix/svx7mfddbnsoo6vcqv6g.jpg'),(76,1,'Starfield es el primer universo nuevo en 25 años de Bethesda Game Studios, los galardonados creadores de The Elder Scrolls V: Skyrim y Fallout 4.','Rol','Multiidioma',46.96,'GAME',3.45,'2023-09-06',5,'Starfield','http://res.cloudinary.com/dulpvbj0d/image/upload/v1711809932/mediaflix/f20kxlqalloxh6qbxiqt.jpg'),(77,1,'El Penitente se despierta una vez más para librar una lucha sin fin contra el Milagro en Blasphemous 2.','Acción, Aventura, Indie','Multiidioma',27.99,'GAME',4.4,'2023-08-24',5,'Blasphemous 2','http://res.cloudinary.com/dulpvbj0d/image/upload/v1711809946/mediaflix/b8wwe5joe6ru1eeljmju.jpg'),(78,1,'DRAGON BALL FighterZ nace de lo que hace a la serie DRAGON BALL tan famosa: luchas espectaculares e interminables con luchadores superpoderosos.','Acción','Multiidioma',21.9,'GAME',4.25,'2018-01-26',5,'Dragon Ball FighterZ Xbox','http://res.cloudinary.com/dulpvbj0d/image/upload/v1711809958/mediaflix/xerwhpng4iodot8eqnwa.jpg'),(79,1,'DRAGON BALL FighterZ nace de lo que hace a la serie DRAGON BALL tan famosa: luchas espectaculares e interminables con luchadores superpoderosos.','Acción','Multiidioma',21.9,'GAME',4.25,'2018-01-26',5,'Dragon Ball FighterZ','http://res.cloudinary.com/dulpvbj0d/image/upload/v1711809975/mediaflix/xd0feiegkgmbcvxsmhfn.jpg'),(80,1,'Ponte en la piel de le Niñe Nueve en South Park y únete a Cartman, Stan, Kyle y Kenny en todo su esplendor tridimensional para celebrar el día más mágico de la infancia: ¡un día de nieve!','Acción, Aventura','Multiidioma',29.99,'GAME',3.5,'2024-03-26',15,'South Park: Snow Day!','http://res.cloudinary.com/dulpvbj0d/image/upload/v1711809988/mediaflix/cu0jxdmlqcarukf6ozpr.png'),(81,1,'Caza fantasmas con dos personajes en un juego de acción con una historia en la que tus decisiones tendrán consecuencias dramáticas. Dividido entre cumplir tu juramento a los vivos y salvar a tu compañera fallecida, ¿hasta dónde llegarás por amor?','Acción, Aventura, Rol','Multiidioma',53.99,'GAME',4,'2024-02-13',15,'Banishers: Ghosts of New Eden','http://res.cloudinary.com/dulpvbj0d/image/upload/v1711809999/mediaflix/q3shxpifg9bozpvyutbs.jpg'),(82,1,'Caza fantasmas con dos personajes en un juego de acción con una historia en la que tus decisiones tendrán consecuencias dramáticas. Dividido entre cumplir tu juramento a los vivos y salvar a tu compañera fallecida, ¿hasta dónde llegarás por amor?','Acción, Aventura, Rol','Multiidioma',58.84,'GAME',4,'2024-02-13',15,'Banishers: Ghosts of New Eden Xbox','http://res.cloudinary.com/dulpvbj0d/image/upload/v1711810017/mediaflix/gf4qqmqyzirwyztw6tko.jpg'),(83,1,'Sumérgete en la Hora Oscura y despierta lo más profundo de tu corazón. Persona 3 Reload es la fascinante nueva versión del RPG que definió el género y que ahora renace para la era moderna con gráficos y una jugabilidad de última generación.','Aventura, Rol, Estrategia','Multiidioma',60.02,'GAME',4.5,'2024-02-02',20,'Persona 3 Reload','http://res.cloudinary.com/dulpvbj0d/image/upload/v1711810029/mediaflix/xtr0darnyuwuzyxchxkd.jpg'),(84,1,'Andy Dufresne es encarcelado por matar a su esposa y al amante de esta. Tras una dura adaptación, intenta mejorar las condiciones de la prisión y dar esperanza a sus compañeros.','Drama','Español',5.8,'MOVIE',4.6,'1995-02-24',4,'Cadena perpetua','http://res.cloudinary.com/dulpvbj0d/image/upload/v1712941775/mediaflix/iottgiyvj9m4ponfgiig.jpg'),(85,1,'Con la ayuda del teniente Jim Gordon y del Fiscal del Distrito Harvey Dent, Batman mantiene a raya el crimen organizado en Gotham. Todo cambia cuando aparece el Joker, un nuevo criminal que desencadena el caos y tiene aterrados a los ciudadanos','Action, Suspense','Español',6.99,'MOVIE',4.6,'2008-08-13',4,'El caballero oscuro','http://res.cloudinary.com/dulpvbj0d/image/upload/v1712942316/mediaflix/k1iztlqwbc62gs8g8iwu.jpg'),(86,1,'En la Tierra Media, el Señor Oscuro Sauron forjó los Grandes Anillos del Poder y creó uno con el poder de esclavizar a toda la Tierra Media. Frodo Bolsón es un hobbit al que su tío Bilbo hace portador del poderoso Anillo Único con la misión de destruirlo.','Aventura, Fantasía','Español',15.75,'MOVIE',4.5,'2001-12-19',3,'El señor de los anillos: La comunidad del anillo','http://res.cloudinary.com/dulpvbj0d/image/upload/v1712942776/mediaflix/faizx1ci32pnyooigyqo.jpg'),(87,1,'Dom Cobb es un ladrón capaz de adentrarse en los sueños de la gente y hacerse con sus secretos. Sin embargo, ahora tiene que llevar a cabo una misión diferente a lo que ha hecho siempre: realizar una incepción para implantar una idea en el subconsciente de una persona.','Ciencia ficción','Español',8.99,'MOVIE',4.4,'2010-08-06',7,'Origen','http://res.cloudinary.com/dulpvbj0d/image/upload/v1712943089/mediaflix/cwxyr3dvhmafsjhfesnt.jpg'),(88,1,'Dos detectives, un novato y un veterano, dan caza a un asesino en serie cuyo móvil son los siete pecados capitales.','Crimen, Suspense','Español',3.99,'MOVIE',4.5,'1996-01-10',1,'Seven','http://res.cloudinary.com/dulpvbj0d/image/upload/v1712943373/mediaflix/df5xs3paoybeqxl2folz.jpg'),(89,1,'Tanto Gi Taek como su familia están sin trabajo. Cuando su hijo mayor, Gi Woo, empieza a recibir clases particulares en la adinerada casa de Park, las dos familias, que tienen mucho en común pese a pertenecer a dos mundos totalmente distintos, comienzan una relación de resultados imprevisibles.','Drama, Suspenso, Humor Negro ','Español',11,'MOVIE',4.4,'2019-10-25',7,'Parásitos','http://res.cloudinary.com/dulpvbj0d/image/upload/v1712943731/mediaflix/cbq3bipn7zpkhemqqsyj.jpg'),(90,1,'Los protagonistas, Taki y Mitsuha, son dos completos desconocidos, y a pesar de eso están destinados a conocerse. Durante el sueño, ambos adolescentes intercambian sus cuerpos, con resultados impredecibles en la vida de ambos.','Animación','Español',16.95,'MOVIE',4.9,'2017-04-17',11,'Your Name.','http://res.cloudinary.com/dulpvbj0d/image/upload/v1712944075/mediaflix/dtjkbpqmqzsiornyzsgw.jpg'),(91,1,'Carl Fredricksen, de 78 años, viaja a las cataratas Paraíso en su casa equipada con globos, sin darse cuenta de que lleva a un polizón.','Animación','Español',9.8,'MOVIE',4.2,'2009-07-30',5,'Up','http://res.cloudinary.com/dulpvbj0d/image/upload/v1712944033/mediaflix/ursp4tkpoiewhej1ejgn.jpg'),(92,1,'Dos jóvenes soldados ingleses tienen una misión imposible durante la Primera Guerra Mundial: entregar un mensaje tras las líneas enemigas para evitar que sus compañeros caigan en una trampa.','Bélico, Drama, I Guerra Mundial','Español',7.99,'MOVIE',1,'2019-12-25',6,'1917','http://res.cloudinary.com/dulpvbj0d/image/upload/v1712944699/mediaflix/iyxndczyg2isdxlkxzyh.jpg'),(93,1,'Basado en la historia real de Jordan Belfort, desde su ascenso a convertirse en un adinerado agente de bolsa viviendo la gran vida hasta su caída, que involucra el crimen, la corrupción y el gobierno federal.','Comedia','Español',8.4,'MOVIE',4.2,'2014-01-17',9,'El lobo de Wall Street','http://res.cloudinary.com/dulpvbj0d/image/upload/v1712944988/mediaflix/g9bfbpnkbnmjwazljgdk.jpg'),(94,1,'En 1954, un marshal estadounidense investiga la desaparición de un asesino que se ha escapado de un hospital para criminales dementes.','Misterio','Español',7.75,'MOVIE',4.7,'2010-02-19',5,'Shutter Island','http://res.cloudinary.com/dulpvbj0d/image/upload/v1712945289/mediaflix/vdx0fsdsz9y8bqtk0oqj.jpg'),(95,1,'Cuando dos jóvenes chicas se mudan al campo para estar cerca de su madre enferma, tienen aventuras con los maravillosos espíritus del bosque que viven cerca.','Animación','Español',12.75,'MOVIE',4.3,'2009-10-30',3,'Mi vecino Totoro','http://res.cloudinary.com/dulpvbj0d/image/upload/v1712945589/mediaflix/bd8vwtxzkbk7dzdlskj3.jpg'),(96,1,'Dos extraños, que se despiertan en una habitación sin recordar cómo llegaron allí, pronto descubren que son peones en un juego mortal perpetrado por un famoso asesino en serie.','Terror','Español',7.95,'MOVIE',4.5,'2005-03-18',20,'Saw','http://res.cloudinary.com/dulpvbj0d/image/upload/v1712945791/mediaflix/sk4nfyx8gwxvx8xi4tll.jpg'),(97,1,'En el verano de 1989, un grupo de niños víctimas de acoso escolar se une para destruir a un monstruo que cambia de forma, que se disfraza de payaso y se aprovecha de los niños de Derry, su pequeña ciudad de Maine.','Sobrenatural, Terror','Español',5.65,'MOVIE',4.4,'2017-09-05',6,'It','http://res.cloudinary.com/dulpvbj0d/image/upload/v1712946079/mediaflix/sacybrgwrkw9laidsfyb.jpg'),(98,1,'Una extraña tormenta parece traer consigo a unas criaturas sedientas de sangre a una pequeña ciudad, donde un limitado grupo de ciudadanos se hace fuerte en el supermercado para intentar sobrevivir.','Terror, Ciencia ficción','Español',9.99,'MOVIE',3.8,'2008-05-30',20,'La niebla','http://res.cloudinary.com/dulpvbj0d/image/upload/v1713004402/mediaflix/o7m64k6xb4cohuftlmzj.jpg'),(99,1,'Josh, su esposa Renai y sus tres hijos acaban de mudarse a una vieja casa. Pero, tras un desgraciado accidente, uno de los niños entra en coma y, al mismo tiempo, empiezan a producirse en la casa extraños fenómenos que aterrorizan a la familia.','Terror','Español',6.75,'MOVIE',4.2,'2011-06-10',2,'Insidious','http://res.cloudinary.com/dulpvbj0d/image/upload/v1713004903/mediaflix/k3kypy2gahisdragz1f2.jpg'),(100,1,'Un joven pobre pero apasionado se enamora de una joven rica, dándole una sensación de libertad, pero pronto se separan debido a sus diferencias sociales.','Romance','Español',5.5,'MOVIE',4.3,'2004-10-22',4,'El diario de Noa','http://res.cloudinary.com/dulpvbj0d/image/upload/v1713005120/mediaflix/leer3z8b7mtydrz1btux.jpg'),(101,1,'Un hombre que tiene el don de revivir el pasado, decide conquistar el corazón de la bella Mary, pero pronto descubre que la senda del amor verdadero puede ser tan divertida como difícil... aunque se tenga la posibilidad de intentarlo una y otra vez.','Drama, Fantasía, Romance','Español',9.99,'MOVIE',4.2,'2013-10-18',8,'Una cuestión de tiempo','http://res.cloudinary.com/dulpvbj0d/image/upload/v1713005499/mediaflix/e9fkvok25d654y5wzxan.jpg'),(102,1,'Louisa una chica inestable y creativa, reside en un pequeño pueblo de la campiña inglesa. Vive sin rumbo y va de un trabajo a otro para ayudar a su familia a llegar a fin de mes. Sin embargo, un nuevo trabajo pondrá a prueba su habitual alegría.','Drama, Romance','Español',9.95,'MOVIE',4.3,'2016-07-01',3,'Antes de ti','http://res.cloudinary.com/dulpvbj0d/image/upload/v1713005749/mediaflix/om5qzuwrpzdpe7rewjr2.jpg'),(103,1,'David Burke es un traficante de marihuana al que le roban, quedándose sin nada para pagar a su proveedor, Brad. David deberá convertirse en un traficante de drogas a gran escala. Así, a David decide crear una familia falsa para pasar desapercibidos.','Comedia','Español',9.75,'MOVIE',3.7,'2013-11-08',5,'Somos los Miller','http://res.cloudinary.com/dulpvbj0d/image/upload/v1713005912/mediaflix/t24s6fwtwze2pjzl3cyx.jpg'),(104,1,'Sophie, una joven de 18 años, trabaja sin descanso en la tienda de sombreros de su difunto padre. En uno de sus poco frecuentes paseos por la ciudad, Sophie conoce al mago Howl, un joven con poderes extraordinarios y extremadamente seductor.','Animación, Fantasía, Aventura','Español',9.99,'MOVIE',4.3,'2004-11-20',3,'El castillo ambulante','http://res.cloudinary.com/dulpvbj0d/image/upload/v1713006157/mediaflix/kitaduw2rjwtewoce5gh.jpg'),(105,1,'Entramos en el mundo Avatar de la mano de Jake Sully, un ex-Marine en silla de ruedas, que ha sido reclutado para viajar a Pandora, donde existe un mineral raro y muy preciado que puede solucionar la crisis energética existente en la Tierra.','Acción, Animación, Ciencia ficción, Aventura,Épica','Español',12.5,'MOVIE',4.3,'2009-11-18',8,'Avatar','http://res.cloudinary.com/dulpvbj0d/image/upload/v1713006428/mediaflix/ebvrkxet9kdh0zcpdmrt.jpg'),(106,1,'Bella es una joven brillante e independiente que decide entregarse como prisionera a una despiadada bestia a cambio de que esta libere a su padre.','Fantasía, Musical, Animación, Romance','Español',9.99,'MOVIE',4.1,'2017-03-17',4,'La bella y la bestia','http://res.cloudinary.com/dulpvbj0d/image/upload/v1713006647/mediaflix/viopittuywfxt4izaxh2.jpg'),(107,1,'Ofelia es una niña solitaria que conoce a un fauno en un antiguo laberinto. El fauno, una extraña criatura, le hace una sorprendente revelación: ella es en realidad una princesa, la última de su estirpe, y los suyos la esperan desde hace mucho tiempo.','Drama, Fantasía oscura, Bélico, Terror, Fantaterror','Español',7.95,'MOVIE',4.1,'2006-10-11',1,'El laberinto del fauno','http://res.cloudinary.com/dulpvbj0d/image/upload/v1713006691/mediaflix/gjv1zjegt3klw8omsh68.jpg'),(108,1,'Mientras viaja en el legendario Orient Express, el detective belga Hercules Poirot investiga un asesinato cometido en el trayecto, y de entrada todos los pasajeros del tren son sospechosos del mismo.','Misterio, Drama','Español',8.25,'MOVIE',3.5,'2017-11-24',7,'Asesinato en el Orient Express','http://res.cloudinary.com/dulpvbj0d/image/upload/v1713006958/mediaflix/btfdjxhm0feo28hzpe4r.jpg'),(109,1,'En los años sesenta y setenta, un asesino en serie se burla de la policía y los medios de comunicación enviándoles cartas y mensajes encriptados. Los investigadores de la policía y reporteros del periódico se obsesionan con el hecho de encontrar al elusivo asesino en serie.','Drama, Policíaco, Suspenso, Psicológico, Neo-noir, Crimen','Español',8.4,'MOVIE',4.6,'2007-05-18',2,'Zodiac','http://res.cloudinary.com/dulpvbj0d/image/upload/v1713007262/mediaflix/kahyky0plrwfou1zv8md.jpg'),(110,1,'Un grupo de jóvenes visita el desahuciado campamento de Crystal Lake, donde tuvieron lugar varios monstruosos asesinatos hace más de dos décadas. Allí son brutalmente atacados por Jason, el temido asesino.','Terror, Thriller, Slasher','Español',12.99,'MOVIE',4.6,'1970-01-01',3,'Viernes 13','http://res.cloudinary.com/dulpvbj0d/image/upload/v1713007532/mediaflix/mhjcz4cesmrevaun1rsa.jpg'),(111,1,'En una sociedad futura, la gente se divide en facciones según sus virtudes personales. Después de que la joven Tris sea declarada \'divergente\' y, por tanto, nunca encajará en ningún grupo, ella descubre un complot para destruir a quienes son como ella.','Ciencia ficción, Acción','Español',8.69,'MOVIE',3.8,'2014-04-30',1,'Divergente','http://res.cloudinary.com/dulpvbj0d/image/upload/v1713007685/mediaflix/kv7e49nrhao1nr71brmo.jpg'),(112,1,'Thomas es un adolescente cuya memoria fue borrada y que ha sido encerrado junto a otros chicos de su edad en un laberinto plagado de monstruos y misterios. Para sobrevivir, tendrá que adaptarse a las normas y a los demás habitantes del laberinto.','Ciencia ficción, Suspense, Acción','Español',7.99,'MOVIE',3.9,'2014-09-19',3,'El corredor del laberinto','http://res.cloudinary.com/dulpvbj0d/image/upload/v1713007838/mediaflix/urohbifuor4rmorv3z7v.jpg'),(113,1,'Sherlock Holmes y su incondicional compañero Watson, deberán usar su agudeza intelectual y toda clase de recursos y habilidades para enfrentarse a un nuevo enemigo y desenmarañar un complot que podría destruir el país.','Acción, Aventura, Histórico, Suspenso, Misterio, Policíaco','Español',6.85,'MOVIE',4.1,'2010-01-15',2,'Sherlock Holmes','http://res.cloudinary.com/dulpvbj0d/image/upload/v1713008028/mediaflix/vippllpgeu6z9jhvws9p.jpg'),(114,1,'Alemania avanza sobre Francia, atrapando a las tropas aliadas en las playas de Dunkerque. Bajo protección aérea y terrestre de las fuerzas británicas y francesas, las tropas son evacuadas lentamente de la playa con cualquier embarcación disponible.','Bélico','Español',9.95,'MOVIE',4.1,'2017-07-19',5,'Dunkerque','http://res.cloudinary.com/dulpvbj0d/image/upload/v1713008226/mediaflix/vuoetpc39a4db7glll3r.jpg'),(115,1,'Al mando del veterano sargento Wardaddy, una brigada de cinco soldados americanos a bordo de un tanque, luchan contra un ejército nazi al borde de la desesperación ya que los alemanes sabían que su derrota estaba ya cantada por aquel entonces.','Bélico, Drama','Español',9.99,'MOVIE',4,'2015-01-16',1,'Corazones de acero','http://res.cloudinary.com/dulpvbj0d/image/upload/v1713008463/mediaflix/iafd0szhdpxqsi45c91w.jpg'),(116,1,'Caleb, un joven programador, gana un concurso que le permitirá conocer al misterioso y solitario director ejecutivo de la empresa en la que trabaja. Al llegar a su residencia, Caleb descubre que tiene que convivir con un robot creado por su jefe.','Ciencia ficción, Drama, Suspense','Español',9.89,'MOVIE',3.7,'2015-02-27',5,'Ex Machina','http://res.cloudinary.com/dulpvbj0d/image/upload/v1713013896/mediaflix/e1imhc0br08sotowuhtg.jpg'),(117,1,'Un grupo de científicos y exploradores, encabezados por Cooper, se embarcan en un viaje espacial para encontrar un lugar con las condiciones necesarias para reemplazar a la Tierra y comenzar una nueva vida allí.','Ciencia ficción, Apocalíptica,  Drama, Distopía, Space opera, Épica','Español',10.9,'MOVIE',4.8,'2014-11-07',4,'Interstellar','http://res.cloudinary.com/dulpvbj0d/image/upload/v1713014149/mediaflix/zi6hiczbb5attuvafrxi.jpg'),(118,1,'El hallazgo de una fórmula contra el envejecimiento trae consigo no sólo superpoblación, sino también la transformación del tiempo en moneda de cambio que permite sufragar tanto lujos como necesidades.','Suspenso, Ciencia ficción, Acción, Negro, Distopía, Cyberpunk','Español',8.95,'MOVIE',3.7,'2011-11-02',2,'In Time','http://res.cloudinary.com/dulpvbj0d/image/upload/v1713014301/mediaflix/l10qjsxttdqu6l3mcyzg.jpg'),(119,1,'Cuando un enemigo inesperado surge como una gran amenaza para la seguridad mundial, Nick Fury, director de la Agencia SHIELD, decide reclutar a un equipo para salvar al mundo de un desastre casi seguro.','Cine de superhéroes, Ciencia ficción','Español',9.91,'MOVIE',4.3,'2012-04-11',3,'Los Vengadores (The Avengers)','http://res.cloudinary.com/dulpvbj0d/image/upload/v1713014506/mediaflix/rblhlkifgdjvngk6u5bv.jpg');
/*!40000 ALTER TABLE `product` ENABLE KEYS */;
UNLOCK TABLES;
/*!40103 SET TIME_ZONE=@OLD_TIME_ZONE */;

/*!40101 SET SQL_MODE=@OLD_SQL_MODE */;
/*!40014 SET FOREIGN_KEY_CHECKS=@OLD_FOREIGN_KEY_CHECKS */;
/*!40014 SET UNIQUE_CHECKS=@OLD_UNIQUE_CHECKS */;
/*!40101 SET CHARACTER_SET_CLIENT=@OLD_CHARACTER_SET_CLIENT */;
/*!40101 SET CHARACTER_SET_RESULTS=@OLD_CHARACTER_SET_RESULTS */;
/*!40101 SET COLLATION_CONNECTION=@OLD_COLLATION_CONNECTION */;
/*!40111 SET SQL_NOTES=@OLD_SQL_NOTES */;

-- Dump completed on 2024-06-04 19:03:51
